cell_id,block_id,candidate_id,method,depth,width,batch_size,model_seed,event_count,measured_step_count,event_count_per_measured_step,median_logical_edge_count_per_event,graph_module_coverage_fraction,maximum_graph_island_count,orchestration_barriers_per_measured_step,graph_lifetime_distribution_json
s3b-cell-00bdb34bd7ffd5afc89d,s3b-block-03dd886dc9d22a85f182,stage2_baseline,fixedpred,4,64,256,72,10000,250,40.0,1.0,1.0,1,0.0,"{""reused_across_inference_sweeps"":10000}"
s3b-cell-019803874cd09aef387b,s3b-block-6e6fc3d0cd92233b34cc,composite_vjp,fixedpred,16,64,256,72,2500,250,10.0,16.0,1.0,1,0.0,"{""single_sweep_composite_vjp_call"":2500}"
s3b-cell-0217f479c31d184161a0,s3b-block-ee492da3396fc3e93481,composite_vjp,strict,32,64,256,71,5000,250,20.0,31.0,0.96875,1,0.0,"{""single_sweep_composite_vjp_call"":5000}"
s3b-cell-021e72629ed16de2f707,s3b-block-64454a27a9a9c9ebfa9b,isolated_layer_vjp,strict,32,256,256,71,155000,250,620.0,1.0,0.96875,1,0.0,"{""single_vjp_call"":155000}"
s3b-cell-0236df86f4b33f895e96,s3b-block-fbc757a5037e1e104d06,composite_vjp,fixedpred,8,64,256,71,2500,250,10.0,8.0,1.0,1,0.0,"{""single_sweep_composite_vjp_call"":2500}"
s3b-cell-033a2f9582aa7cc1d0b4,s3b-block-05df35b34dca0887086a,composite_vjp,fixedpred,8,256,64,72,2500,250,10.0,8.0,1.0,1,0.0,"{""single_sweep_composite_vjp_call"":2500}"
s3b-cell-03a47bb213ee0425cf4a,s3b-block-2ba7a97fcdd9242b2b3b,isolated_layer_vjp,fixedpred,4,64,256,71,10000,250,40.0,1.0,1.0,1,0.0,"{""single_vjp_call"":10000}"
s3b-cell-03c7dbfcbf55a03996ca,s3b-block-15e340f570301df94fc1,stage2_baseline,strict,16,64,256,71,75000,250,300.0,1.0,0.9375,1,0.0,"{""single_vjp_call"":75000}"
s3b-cell-0450fcee7ea98e200c6a,s3b-block-e83ff808cf35f32b4a81,isolated_layer_vjp,strict,8,64,64,71,35000,250,140.0,1.0,0.875,1,0.0,"{""single_vjp_call"":35000}"
s3b-cell-059559950c5dc73cd542,s3b-block-89e5aee5e8dffdf6b3ed,stage2_baseline,strict,8,64,256,71,35000,250,140.0,1.0,0.875,1,0.0,"{""single_vjp_call"":35000}"
s3b-cell-05e849b25302f6d24e21,s3b-block-d21540cc9c7bae2324da,composite_vjp,fixedpred,4,64,64,71,2500,250,10.0,4.0,1.0,1,0.0,"{""single_sweep_composite_vjp_call"":2500}"
s3b-cell-06bc8005a93352a8114e,s3b-block-468115f1002de4acf41a,isolated_layer_vjp,fixedpred,32,256,256,72,80000,250,320.0,1.0,1.0,1,0.0,"{""single_vjp_call"":80000}"
s3b-cell-0876b315dba7ed88068b,s3b-block-5a95fb95a9231b0407ce,isolated_layer_vjp,strict,32,64,256,72,155000,250,620.0,1.0,0.96875,1,0.0,"{""single_vjp_call"":155000}"
s3b-cell-093204359b826a93d0c9,s3b-block-770f17bf150216638d72,stage2_baseline,strict,8,256,64,70,35000,250,140.0,1.0,0.875,1,0.0,"{""single_vjp_call"":35000}"
s3b-cell-0b1478452874c096757c,s3b-block-e41d3dd827629f1e6d6b,composite_vjp,strict,16,256,64,70,5000,250,20.0,15.0,0.9375,1,0.0,"{""single_sweep_composite_vjp_call"":5000}"
s3b-cell-0bf7e6b485283ac0df53,s3b-block-42755de60eb64ef1c30a,isolated_layer_vjp,strict,32,256,256,70,155000,250,620.0,1.0,0.96875,1,0.0,"{""single_vjp_call"":155000}"
s3b-cell-0ece7338e33e967ddff4,s3b-block-6e6fc3d0cd92233b34cc,isolated_layer_vjp,fixedpred,16,64,256,72,40000,250,160.0,1.0,1.0,1,0.0,"{""single_vjp_call"":40000}"
s3b-cell-0f284443362a7cd9a1ae,s3b-block-91d8a0b7be6b9952687d,composite_vjp,strict,4,64,64,72,5000,250,20.0,3.0,0.75,1,0.0,"{""single_sweep_composite_vjp_call"":5000}"
s3b-cell-12edaaf065336c3ede0f,s3b-block-e41d3dd827629f1e6d6b,stage2_baseline,strict,16,256,64,70,75000,250,300.0,1.0,0.9375,1,0.0,"{""single_vjp_call"":75000}"
s3b-cell-12fc5073f0cf78de67c6,s3b-block-05df35b34dca0887086a,isolated_layer_vjp,fixedpred,8,256,64,72,20000,250,80.0,1.0,1.0,1,0.0,"{""single_vjp_call"":20000}"
s3b-cell-14d9c8e763010817e446,s3b-block-929a1b2367208204c01f,composite_vjp,fixedpred,8,64,64,71,2500,250,10.0,8.0,1.0,1,0.0,"{""single_sweep_composite_vjp_call"":2500}"
s3b-cell-14df16a08db62a92439b,s3b-block-1c1e8b7285564b954ea1,isolated_layer_vjp,fixedpred,32,64,256,72,80000,250,320.0,1.0,1.0,1,0.0,"{""single_vjp_call"":80000}"
s3b-cell-15312f771427630917ed,s3b-block-2b2e9efa1f112a82e9a2,stage2_baseline,fixedpred,32,256,64,71,80000,250,320.0,1.0,1.0,1,0.0,"{""reused_across_inference_sweeps"":80000}"
s3b-cell-15387b3b83396dc84bb6,s3b-block-01194f62493fd247f6f1,stage2_baseline,fixedpred,32,256,256,70,80000,250,320.0,1.0,1.0,1,0.0,"{""reused_across_inference_sweeps"":80000}"
s3b-cell-17346661c01f0301f1d0,s3b-block-730db41052eb8c30b0cc,stage2_baseline,strict,16,64,256,72,75000,250,300.0,1.0,0.9375,1,0.0,"{""single_vjp_call"":75000}"
s3b-cell-1742306bd590f13f84ca,s3b-block-cef43a3b51b07d739d90,isolated_layer_vjp,strict,4,64,256,72,15000,250,60.0,1.0,0.75,1,0.0,"{""single_vjp_call"":15000}"
s3b-cell-190d3a1f6d848d26e77d,s3b-block-ee492da3396fc3e93481,stage2_baseline,strict,32,64,256,71,155000,250,620.0,1.0,0.96875,1,0.0,"{""single_vjp_call"":155000}"
s3b-cell-19c5f392727763f5632a,s3b-block-f26a55b670864e625c9c,isolated_layer_vjp,fixedpred,16,64,64,72,40000,250,160.0,1.0,1.0,1,0.0,"{""single_vjp_call"":40000}"
s3b-cell-19d4f40e0b543acd6fd5,s3b-block-17dd185d818e3f2bfae5,stage2_baseline,strict,32,64,64,70,155000,250,620.0,1.0,0.96875,1,0.0,"{""single_vjp_call"":155000}"
s3b-cell-19e912a73b4d79eff831,s3b-block-50d43d8828871a666303,composite_vjp,fixedpred,32,256,64,72,2500,250,10.0,32.0,1.0,1,0.0,"{""single_sweep_composite_vjp_call"":2500}"
s3b-cell-1c17ce5fc8970e616a81,s3b-block-ddc92b0625b483a884e3,isolated_layer_vjp,strict,8,256,64,72,35000,250,140.0,1.0,0.875,1,0.0,"{""single_vjp_call"":35000}"
s3b-cell-1c6d187d6450d8f2271b,s3b-block-bee85bf94778cac8d0dd,composite_vjp,strict,4,256,64,70,5000,250,20.0,3.0,0.75,1,0.0,"{""single_sweep_composite_vjp_call"":5000}"
s3b-cell-204ea6d0a51f313761e6,s3b-block-ddc92b0625b483a884e3,composite_vjp,strict,8,256,64,72,5000,250,20.0,7.0,0.875,1,0.0,"{""single_sweep_composite_vjp_call"":5000}"
s3b-cell-221f2d443755bacb9c77,s3b-block-c7dd1b63aab3be279169,stage2_baseline,fixedpred,32,64,64,71,80000,250,320.0,1.0,1.0,1,0.0,"{""reused_across_inference_sweeps"":80000}"
s3b-cell-22ef3d7c9db487cbaf96,s3b-block-775648ac8900099a0d48,stage2_baseline,strict,8,256,64,71,35000,250,140.0,1.0,0.875,1,0.0,"{""single_vjp_call"":35000}"
s3b-cell-23758df22258efd9d21f,s3b-block-15e340f570301df94fc1,composite_vjp,strict,16,64,256,71,5000,250,20.0,15.0,0.9375,1,0.0,"{""single_sweep_composite_vjp_call"":5000}"
s3b-cell-244b214e1f4464754924,s3b-block-0e5b912a97aaa0188407,isolated_layer_vjp,fixedpred,8,64,64,72,20000,250,80.0,1.0,1.0,1,0.0,"{""single_vjp_call"":20000}"
s3b-cell-244d45d9356c80813939,s3b-block-858205a4ccbe49c37e00,composite_vjp,fixedpred,8,256,64,71,2500,250,10.0,8.0,1.0,1,0.0,"{""single_sweep_composite_vjp_call"":2500}"
s3b-cell-2452870dcf052a62ffab,s3b-block-91023e2726e8438df1fa,stage2_baseline,strict,16,256,256,70,75000,250,300.0,1.0,0.9375,1,0.0,"{""single_vjp_call"":75000}"
s3b-cell-2479797f5bd4dfd8ba88,s3b-block-42755de60eb64ef1c30a,stage2_baseline,strict,32,256,256,70,155000,250,620.0,1.0,0.96875,1,0.0,"{""single_vjp_call"":155000}"
s3b-cell-249c9d7057adb087d889,s3b-block-14bf0a93a0fbe73ff031,composite_vjp,fixedpred,16,64,256,70,2500,250,10.0,16.0,1.0,1,0.0,"{""single_sweep_composite_vjp_call"":2500}"
s3b-cell-257e8af1563a4a142ac8,s3b-block-a2183841e5874032a40b,stage2_baseline,fixedpred,32,256,256,71,80000,250,320.0,1.0,1.0,1,0.0,"{""reused_across_inference_sweeps"":80000}"
s3b-cell-2725eb696c341d8ec1cc,s3b-block-5a95fb95a9231b0407ce,stage2_baseline,strict,32,64,256,72,155000,250,620.0,1.0,0.96875,1,0.0,"{""single_vjp_call"":155000}"
s3b-cell-2727781f7e8c5e70f25c,s3b-block-6343adee427ef9c6c1dc,composite_vjp,fixedpred,8,256,256,71,2500,250,10.0,8.0,1.0,1,0.0,"{""single_sweep_composite_vjp_call"":2500}"
s3b-cell-278802aae0abf448a81b,s3b-block-4f8c6d282d71e7150305,isolated_layer_vjp,fixedpred,8,256,64,70,20000,250,80.0,1.0,1.0,1,0.0,"{""single_vjp_call"":20000}"
s3b-cell-2867e7c34ea3ad86a755,s3b-block-91e8309340613ee72180,composite_vjp,strict,4,64,64,70,5000,250,20.0,3.0,0.75,1,0.0,"{""single_sweep_composite_vjp_call"":5000}"
s3b-cell-2877665c56f406f5c858,s3b-block-e83ff808cf35f32b4a81,stage2_baseline,strict,8,64,64,71,35000,250,140.0,1.0,0.875,1,0.0,"{""single_vjp_call"":35000}"
s3b-cell-28e8ed144e5feea10881,s3b-block-14bf0a93a0fbe73ff031,stage2_baseline,fixedpred,16,64,256,70,40000,250,160.0,1.0,1.0,1,0.0,"{""reused_across_inference_sweeps"":40000}"
s3b-cell-295b9cf4775fa0b22341,s3b-block-cbb29f5f2dc9cf1bd0d0,stage2_baseline,strict,4,256,256,70,15000,250,60.0,1.0,0.75,1,0.0,"{""single_vjp_call"":15000}"
s3b-cell-2b396bb596b4ec8a99c1,s3b-block-70e5aa369c8a27e31e55,stage2_baseline,fixedpred,4,256,64,72,10000,250,40.0,1.0,1.0,1,0.0,"{""reused_across_inference_sweeps"":10000}"
s3b-cell-2c37ed8014ece51ee602,s3b-block-ba173cd73d0e1c5d29f5,stage2_baseline,strict,4,64,256,71,15000,250,60.0,1.0,0.75,1,0.0,"{""single_vjp_call"":15000}"
s3b-cell-2c51a82757d9efd064d5,s3b-block-48a806186e9e1f3c3fc0,composite_vjp,strict,8,64,256,72,5000,250,20.0,7.0,0.875,1,0.0,"{""single_sweep_composite_vjp_call"":5000}"
s3b-cell-2caaeb1e7d4c0985a6eb,s3b-block-9e3031c8e1de1017d07e,isolated_layer_vjp,fixedpred,4,256,256,70,10000,250,40.0,1.0,1.0,1,0.0,"{""single_vjp_call"":10000}"
s3b-cell-2cf8d0df9069dda3e91b,s3b-block-f12599dd5aadc8a26bd9,composite_vjp,strict,16,64,64,72,5000,250,20.0,15.0,0.9375,1,0.0,"{""single_sweep_composite_vjp_call"":5000}"
s3b-cell-2f5885cfc0cab2f231ac,s3b-block-6e94bca68e9ec88279a0,isolated_layer_vjp,strict,32,64,64,71,155000,250,620.0,1.0,0.96875,1,0.0,"{""single_vjp_call"":155000}"
s3b-cell-2f93de9f9cbf3de135de,s3b-block-17dd185d818e3f2bfae5,isolated_layer_vjp,strict,32,64,64,70,155000,250,620.0,1.0,0.96875,1,0.0,"{""single_vjp_call"":155000}"
s3b-cell-328fa712d6b287b0cf74,s3b-block-4fc6a712eae99f7492f7,isolated_layer_vjp,fixedpred,16,256,256,70,40000,250,160.0,1.0,1.0,1,0.0,"{""single_vjp_call"":40000}"
s3b-cell-32a51f7ae0eb987ff1cd,s3b-block-730db41052eb8c30b0cc,composite_vjp,strict,16,64,256,72,5000,250,20.0,15.0,0.9375,1,0.0,"{""single_sweep_composite_vjp_call"":5000}"
s3b-cell-350548a49fa716308a05,s3b-block-ceea80bf2a91e34a5d19,composite_vjp,fixedpred,4,256,256,71,2500,250,10.0,4.0,1.0,1,0.0,"{""single_sweep_composite_vjp_call"":2500}"
s3b-cell-3526641c00f635786d92,s3b-block-408d0b1b8fa7bba85a56,stage2_baseline,strict,16,64,64,71,75000,250,300.0,1.0,0.9375,1,0.0,"{""single_vjp_call"":75000}"
s3b-cell-35748a27ca1816e5b68b,s3b-block-1670e5358f7599134dc5,composite_vjp,strict,16,256,64,72,5000,250,20.0,15.0,0.9375,1,0.0,"{""single_sweep_composite_vjp_call"":5000}"
s3b-cell-359941ba681aa25d4dab,s3b-block-f12599dd5aadc8a26bd9,isolated_layer_vjp,strict,16,64,64,72,75000,250,300.0,1.0,0.9375,1,0.0,"{""single_vjp_call"":75000}"
s3b-cell-35f219f48d4454271ca8,s3b-block-48ba4e0d32360c38db27,isolated_layer_vjp,strict,8,64,64,70,35000,250,140.0,1.0,0.875,1,0.0,"{""single_vjp_call"":35000}"
s3b-cell-3720abe98d76fa76e08a,s3b-block-dfee844b8bfb62c631e6,isolated_layer_vjp,fixedpred,32,64,256,70,80000,250,320.0,1.0,1.0,1,0.0,"{""single_vjp_call"":80000}"
s3b-cell-3800415fe988814878de,s3b-block-ceea80bf2a91e34a5d19,isolated_layer_vjp,fixedpred,4,256,256,71,10000,250,40.0,1.0,1.0,1,0.0,"{""single_vjp_call"":10000}"
s3b-cell-392a84bb743009080d2b,s3b-block-98eef593a40cbcdef8e7,stage2_baseline,strict,32,64,64,72,155000,250,620.0,1.0,0.96875,1,0.0,"{""single_vjp_call"":155000}"
s3b-cell-3b87983ff4ca0427a063,s3b-block-248d76724a8cf4455766,isolated_layer_vjp,fixedpred,4,64,256,70,10000,250,40.0,1.0,1.0,1,0.0,"{""single_vjp_call"":10000}"
s3b-cell-3bb4f787dc64c195cd21,s3b-block-48a806186e9e1f3c3fc0,isolated_layer_vjp,strict,8,64,256,72,35000,250,140.0,1.0,0.875,1,0.0,"{""single_vjp_call"":35000}"
s3b-cell-3d29b8207a1aed98075a,s3b-block-775648ac8900099a0d48,isolated_layer_vjp,strict,8,256,64,71,35000,250,140.0,1.0,0.875,1,0.0,"{""single_vjp_call"":35000}"
s3b-cell-3d93c523e33b3ace4c1c,s3b-block-48bf63ad14fc2bc1ff7a,composite_vjp,fixedpred,16,256,64,72,2500,250,10.0,16.0,1.0,1,0.0,"{""single_sweep_composite_vjp_call"":2500}"
s3b-cell-3dc4e0d2aca0453ad673,s3b-block-4f8c6d282d71e7150305,stage2_baseline,fixedpred,8,256,64,70,20000,250,80.0,1.0,1.0,1,0.0,"{""reused_across_inference_sweeps"":20000}"
s3b-cell-3ec2b956edaf566a890a,s3b-block-d5ff53aa5589df11a40e,isolated_layer_vjp,strict,4,256,256,71,15000,250,60.0,1.0,0.75,1,0.0,"{""single_vjp_call"":15000}"
s3b-cell-3f51c4975e701d839c64,s3b-block-695189d6137415b25268,stage2_baseline,fixedpred,16,64,256,71,40000,250,160.0,1.0,1.0,1,0.0,"{""reused_across_inference_sweeps"":40000}"
s3b-cell-411495019c2637d75c3b,s3b-block-91e8309340613ee72180,stage2_baseline,strict,4,64,64,70,15000,250,60.0,1.0,0.75,1,0.0,"{""single_vjp_call"":15000}"
s3b-cell-4140e5903df3118deb4f,s3b-block-48bf63ad14fc2bc1ff7a,stage2_baseline,fixedpred,16,256,64,72,40000,250,160.0,1.0,1.0,1,0.0,"{""reused_across_inference_sweeps"":40000}"
s3b-cell-4435d30956546fb9fbed,s3b-block-1b87ab8a31783316765a,isolated_layer_vjp,strict,32,64,256,70,155000,250,620.0,1.0,0.96875,1,0.0,"{""single_vjp_call"":155000}"
s3b-cell-4561541dff7c0f46154c,s3b-block-db597d2061c77097a989,composite_vjp,strict,4,64,256,70,5000,250,20.0,3.0,0.75,1,0.0,"{""single_sweep_composite_vjp_call"":5000}"
s3b-cell-46a723a3126141114141,s3b-block-8e19192b0dad4fc3113c,stage2_baseline,fixedpred,16,256,64,70,40000,250,160.0,1.0,1.0,1,0.0,"{""reused_across_inference_sweeps"":40000}"
s3b-cell-46d439f2d2b9ce0ea825,s3b-block-7301c6b6a4a9d50fba77,composite_vjp,fixedpred,4,256,256,72,2500,250,10.0,4.0,1.0,1,0.0,"{""single_sweep_composite_vjp_call"":2500}"
s3b-cell-475271758fe871fcf6b5,s3b-block-42755de60eb64ef1c30a,composite_vjp,strict,32,256,256,70,5000,250,20.0,31.0,0.96875,1,0.0,"{""single_sweep_composite_vjp_call"":5000}"
s3b-cell-477d78322dedc46d7172,s3b-block-7345bcc3aa1e0e6e0517,isolated_layer_vjp,strict,8,64,256,70,35000,250,140.0,1.0,0.875,1,0.0,"{""single_vjp_call"":35000}"
s3b-cell-481ab89126e4d1011f7f,s3b-block-f17b38a3987bce4706d1,composite_vjp,strict,16,256,256,71,5000,250,20.0,15.0,0.9375,1,0.0,"{""single_sweep_composite_vjp_call"":5000}"
s3b-cell-48c01f50945a1c8c9787,s3b-block-b91eb1ba30f3b1df6cd1,isolated_layer_vjp,fixedpred,4,256,64,71,10000,250,40.0,1.0,1.0,1,0.0,"{""single_vjp_call"":10000}"
s3b-cell-49d533a31006f3089f9d,s3b-block-15e340f570301df94fc1,isolated_layer_vjp,strict,16,64,256,71,75000,250,300.0,1.0,0.9375,1,0.0,"{""single_vjp_call"":75000}"
s3b-cell-4be2ba976012e09db964,s3b-block-321102a72410315d0551,isolated_layer_vjp,fixedpred,8,64,256,72,20000,250,80.0,1.0,1.0,1,0.0,"{""single_vjp_call"":20000}"
s3b-cell-4c5139507f5619102c27,s3b-block-cef43a3b51b07d739d90,stage2_baseline,strict,4,64,256,72,15000,250,60.0,1.0,0.75,1,0.0,"{""single_vjp_call"":15000}"
s3b-cell-4deb1de459ab0f3a6c63,s3b-block-6bb2d4d9cc338b1ce65d,composite_vjp,fixedpred,32,64,64,72,2500,250,10.0,32.0,1.0,1,0.0,"{""single_sweep_composite_vjp_call"":2500}"
s3b-cell-4f8f8dff1f2c0878c8ef,s3b-block-05df35b34dca0887086a,stage2_baseline,fixedpred,8,256,64,72,20000,250,80.0,1.0,1.0,1,0.0,"{""reused_across_inference_sweeps"":20000}"
s3b-cell-50424a0f070f0a4990f8,s3b-block-e41d3dd827629f1e6d6b,isolated_layer_vjp,strict,16,256,64,70,75000,250,300.0,1.0,0.9375,1,0.0,"{""single_vjp_call"":75000}"
s3b-cell-504ef094b8da74bc104a,s3b-block-9e3031c8e1de1017d07e,stage2_baseline,fixedpred,4,256,256,70,10000,250,40.0,1.0,1.0,1,0.0,"{""reused_across_inference_sweeps"":10000}"
s3b-cell-508f373b9303293746d5,s3b-block-f26a55b670864e625c9c,stage2_baseline,fixedpred,16,64,64,72,40000,250,160.0,1.0,1.0,1,0.0,"{""reused_across_inference_sweeps"":40000}"
s3b-cell-50d406dc7ead74cde764,s3b-block-def205922958b1e906ca,isolated_layer_vjp,strict,4,256,64,72,15000,250,60.0,1.0,0.75,1,0.0,"{""single_vjp_call"":15000}"
s3b-cell-51845eda0682c9597349,s3b-block-e38893f5f5eb3e81b23e,isolated_layer_vjp,strict,8,256,256,72,35000,250,140.0,1.0,0.875,1,0.0,"{""single_vjp_call"":35000}"
s3b-cell-527437e3268af321e6d9,s3b-block-89fbb803c6ec0394f3f0,composite_vjp,fixedpred,16,64,64,71,2500,250,10.0,16.0,1.0,1,0.0,"{""single_sweep_composite_vjp_call"":2500}"
s3b-cell-530593ce6128e75062ae,s3b-block-91023e2726e8438df1fa,composite_vjp,strict,16,256,256,70,5000,250,20.0,15.0,0.9375,1,0.0,"{""single_sweep_composite_vjp_call"":5000}"
s3b-cell-533deaa3c5ef72a64085,s3b-block-70e5aa369c8a27e31e55,composite_vjp,fixedpred,4,256,64,72,2500,250,10.0,4.0,1.0,1,0.0,"{""single_sweep_composite_vjp_call"":2500}"
s3b-cell-537dd9914282012ee1f3,s3b-block-98eef593a40cbcdef8e7,isolated_layer_vjp,strict,32,64,64,72,155000,250,620.0,1.0,0.96875,1,0.0,"{""single_vjp_call"":155000}"
s3b-cell-538886663e7f102b24da,s3b-block-03dd886dc9d22a85f182,composite_vjp,fixedpred,4,64,256,72,2500,250,10.0,4.0,1.0,1,0.0,"{""single_sweep_composite_vjp_call"":2500}"
s3b-cell-53a564dce782459484c8,s3b-block-1018780e545ea1ba80e6,isolated_layer_vjp,fixedpred,32,64,256,71,80000,250,320.0,1.0,1.0,1,0.0,"{""single_vjp_call"":80000}"
s3b-cell-54a860aeb692cb12e92d,s3b-block-1b87ab8a31783316765a,composite_vjp,strict,32,64,256,70,5000,250,20.0,31.0,0.96875,1,0.0,"{""single_sweep_composite_vjp_call"":5000}"
s3b-cell-55a1d84516e054721d9e,s3b-block-91023e2726e8438df1fa,isolated_layer_vjp,strict,16,256,256,70,75000,250,300.0,1.0,0.9375,1,0.0,"{""single_vjp_call"":75000}"
s3b-cell-56eda47b625a0cc66420,s3b-block-f12599dd5aadc8a26bd9,stage2_baseline,strict,16,64,64,72,75000,250,300.0,1.0,0.9375,1,0.0,"{""single_vjp_call"":75000}"
s3b-cell-57e2c7bf51b219c67647,s3b-block-2cf74f689f6a282264ed,stage2_baseline,strict,32,256,64,72,155000,250,620.0,1.0,0.96875,1,0.0,"{""single_vjp_call"":155000}"
s3b-cell-5849c49c482da54487ba,s3b-block-8dd17961dcd5ccbf7d3a,isolated_layer_vjp,strict,8,64,64,72,35000,250,140.0,1.0,0.875,1,0.0,"{""single_vjp_call"":35000}"
s3b-cell-599d4b6b7cbd2c52b832,s3b-block-8786fb5044e20025df06,composite_vjp,fixedpred,32,256,64,70,2500,250,10.0,32.0,1.0,1,0.0,"{""single_sweep_composite_vjp_call"":2500}"
s3b-cell-5a539c3315227516b340,s3b-block-695189d6137415b25268,composite_vjp,fixedpred,16,64,256,71,2500,250,10.0,16.0,1.0,1,0.0,"{""single_sweep_composite_vjp_call"":2500}"
s3b-cell-5a67e39fe839340be72c,s3b-block-7301c6b6a4a9d50fba77,stage2_baseline,fixedpred,4,256,256,72,10000,250,40.0,1.0,1.0,1,0.0,"{""reused_across_inference_sweeps"":10000}"
s3b-cell-5aa56697af02d0c12371,s3b-block-133f61522ecc4a38e0db,stage2_baseline,fixedpred,16,256,256,72,40000,250,160.0,1.0,1.0,1,0.0,"{""reused_across_inference_sweeps"":40000}"
s3b-cell-5aeee78e0a1d5adc5f65,s3b-block-5203a4d44e3a2f436ffe,isolated_layer_vjp,strict,32,256,64,71,155000,250,620.0,1.0,0.96875,1,0.0,"{""single_vjp_call"":155000}"
s3b-cell-5af75227e622a7057afa,s3b-block-ee492da3396fc3e93481,isolated_layer_vjp,strict,32,64,256,71,155000,250,620.0,1.0,0.96875,1,0.0,"{""single_vjp_call"":155000}"
s3b-cell-5b3707ef790c24fc8ba0,s3b-block-73e9fa86f8a041731cdf,stage2_baseline,strict,16,64,64,70,75000,250,300.0,1.0,0.9375,1,0.0,"{""single_vjp_call"":75000}"
s3b-cell-5b4fbf8f64cc27b0d373,s3b-block-5623456ecc73c4de5b83,stage2_baseline,strict,16,256,256,72,75000,250,300.0,1.0,0.9375,1,0.0,"{""single_vjp_call"":75000}"
s3b-cell-5b5993ca3e6856de5edd,s3b-block-2ba7a97fcdd9242b2b3b,stage2_baseline,fixedpred,4,64,256,71,10000,250,40.0,1.0,1.0,1,0.0,"{""reused_across_inference_sweeps"":10000}"
s3b-cell-5bcc9b3147bfc9c7d26f,s3b-block-1018780e545ea1ba80e6,stage2_baseline,fixedpred,32,64,256,71,80000,250,320.0,1.0,1.0,1,0.0,"{""reused_across_inference_sweeps"":80000}"
s3b-cell-5cd4a0e63e78850078b9,s3b-block-6e94bca68e9ec88279a0,composite_vjp,strict,32,64,64,71,5000,250,20.0,31.0,0.96875,1,0.0,"{""single_sweep_composite_vjp_call"":5000}"
s3b-cell-5fed455a3089d948b4f1,s3b-block-929a1b2367208204c01f,stage2_baseline,fixedpred,8,64,64,71,20000,250,80.0,1.0,1.0,1,0.0,"{""reused_across_inference_sweeps"":20000}"
s3b-cell-600514ee0b593c85571e,s3b-block-06b1f209a877adaa915d,isolated_layer_vjp,strict,4,256,64,71,15000,250,60.0,1.0,0.75,1,0.0,"{""single_vjp_call"":15000}"
s3b-cell-60281dbb7ed41ef489d7,s3b-block-730ac753af2418590251,isolated_layer_vjp,fixedpred,8,256,256,70,20000,250,80.0,1.0,1.0,1,0.0,"{""single_vjp_call"":20000}"
s3b-cell-6093e3f85655a5acf437,s3b-block-133f61522ecc4a38e0db,composite_vjp,fixedpred,16,256,256,72,2500,250,10.0,16.0,1.0,1,0.0,"{""single_sweep_composite_vjp_call"":2500}"
s3b-cell-62140ca63cf7873e4176,s3b-block-17dd185d818e3f2bfae5,composite_vjp,strict,32,64,64,70,5000,250,20.0,31.0,0.96875,1,0.0,"{""single_sweep_composite_vjp_call"":5000}"
s3b-cell-63179122db9cdee93f07,s3b-block-2038cde586d1edeab33e,stage2_baseline,strict,4,256,256,72,15000,250,60.0,1.0,0.75,1,0.0,"{""single_vjp_call"":15000}"
s3b-cell-633bb91c89189ebc871c,s3b-block-06b1f209a877adaa915d,composite_vjp,strict,4,256,64,71,5000,250,20.0,3.0,0.75,1,0.0,"{""single_sweep_composite_vjp_call"":5000}"
s3b-cell-63f8f341dc6f7fc4265d,s3b-block-6bb2d4d9cc338b1ce65d,isolated_layer_vjp,fixedpred,32,64,64,72,80000,250,320.0,1.0,1.0,1,0.0,"{""single_vjp_call"":80000}"
s3b-cell-66b7f9c8bdbbdefc6567,s3b-block-770f17bf150216638d72,isolated_layer_vjp,strict,8,256,64,70,35000,250,140.0,1.0,0.875,1,0.0,"{""single_vjp_call"":35000}"
s3b-cell-671c0fe02fc0a80b5fc5,s3b-block-91e8309340613ee72180,isolated_layer_vjp,strict,4,64,64,70,15000,250,60.0,1.0,0.75,1,0.0,"{""single_vjp_call"":15000}"
s3b-cell-686b8f8f830434c601dd,s3b-block-321102a72410315d0551,composite_vjp,fixedpred,8,64,256,72,2500,250,10.0,8.0,1.0,1,0.0,"{""single_sweep_composite_vjp_call"":2500}"
s3b-cell-69619a5c2396ad61215f,s3b-block-1670e5358f7599134dc5,isolated_layer_vjp,strict,16,256,64,72,75000,250,300.0,1.0,0.9375,1,0.0,"{""single_vjp_call"":75000}"
s3b-cell-696276a9f128f9ca54bb,s3b-block-a2183841e5874032a40b,isolated_layer_vjp,fixedpred,32,256,256,71,80000,250,320.0,1.0,1.0,1,0.0,"{""single_vjp_call"":80000}"
s3b-cell-6a7741eeecb58a4c2ace,s3b-block-f26a55b670864e625c9c,composite_vjp,fixedpred,16,64,64,72,2500,250,10.0,16.0,1.0,1,0.0,"{""single_sweep_composite_vjp_call"":2500}"
s3b-cell-6ad44218a8a734dc97ce,s3b-block-2aeb2e45735b91688bf1,isolated_layer_vjp,fixedpred,8,64,256,70,20000,250,80.0,1.0,1.0,1,0.0,"{""single_vjp_call"":20000}"
s3b-cell-6aedae2f454d0b9f8b02,s3b-block-5203a4d44e3a2f436ffe,stage2_baseline,strict,32,256,64,71,155000,250,620.0,1.0,0.96875,1,0.0,"{""single_vjp_call"":155000}"
s3b-cell-6b38ff834b5eb937c364,s3b-block-79c2b893b57e307e1d01,isolated_layer_vjp,fixedpred,16,64,64,70,40000,250,160.0,1.0,1.0,1,0.0,"{""single_vjp_call"":40000}"
s3b-cell-6f4d923a5fe88c19f082,s3b-block-730db41052eb8c30b0cc,isolated_layer_vjp,strict,16,64,256,72,75000,250,300.0,1.0,0.9375,1,0.0,"{""single_vjp_call"":75000}"
s3b-cell-6f4f82940088bc465628,s3b-block-66658e6e3b8416c34d1a,isolated_layer_vjp,strict,8,256,256,71,35000,250,140.0,1.0,0.875,1,0.0,"{""single_vjp_call"":35000}"
s3b-cell-7072fd60dd85bb03233d,s3b-block-4fc6a712eae99f7492f7,stage2_baseline,fixedpred,16,256,256,70,40000,250,160.0,1.0,1.0,1,0.0,"{""reused_across_inference_sweeps"":40000}"
s3b-cell-708863dbe1418513de0b,s3b-block-8bd164e99139f225afc6,isolated_layer_vjp,strict,16,64,256,70,75000,250,300.0,1.0,0.9375,1,0.0,"{""single_vjp_call"":75000}"
s3b-cell-7516efa03b108db7e662,s3b-block-550d367ca244ec32ef93,isolated_layer_vjp,fixedpred,4,64,64,72,10000,250,40.0,1.0,1.0,1,0.0,"{""single_vjp_call"":10000}"
s3b-cell-76ee2b089ae4d20d6a63,s3b-block-6d7761e4e1ad7cdc3808,stage2_baseline,fixedpred,4,256,64,70,10000,250,40.0,1.0,1.0,1,0.0,"{""reused_across_inference_sweeps"":10000}"
s3b-cell-79ae0a48fb524c64c1e5,s3b-block-b8065946fe637b30bb46,stage2_baseline,strict,8,256,256,70,35000,250,140.0,1.0,0.875,1,0.0,"{""single_vjp_call"":35000}"
s3b-cell-79ae2b676010890cdd8c,s3b-block-4bfe422a2c01b57a2405,isolated_layer_vjp,strict,4,64,64,71,15000,250,60.0,1.0,0.75,1,0.0,"{""single_vjp_call"":15000}"
s3b-cell-7a56f342363699ce101c,s3b-block-730ac753af2418590251,composite_vjp,fixedpred,8,256,256,70,2500,250,10.0,8.0,1.0,1,0.0,"{""single_sweep_composite_vjp_call"":2500}"
s3b-cell-7a8f8441d684b78fabe9,s3b-block-ee8ffa90a0acd26c78a2,isolated_layer_vjp,fixedpred,32,64,64,70,80000,250,320.0,1.0,1.0,1,0.0,"{""single_vjp_call"":80000}"
s3b-cell-7a928ef966a36a5ed6e5,s3b-block-89e5aee5e8dffdf6b3ed,composite_vjp,strict,8,64,256,71,5000,250,20.0,7.0,0.875,1,0.0,"{""single_sweep_composite_vjp_call"":5000}"
s3b-cell-7ac0eea1f1cd1d8b2644,s3b-block-b476ac8f4a666adc105c,composite_vjp,fixedpred,16,256,64,71,2500,250,10.0,16.0,1.0,1,0.0,"{""single_sweep_composite_vjp_call"":2500}"
s3b-cell-7ae37e4b0a2d5c3667f0,s3b-block-b91eb1ba30f3b1df6cd1,composite_vjp,fixedpred,4,256,64,71,2500,250,10.0,4.0,1.0,1,0.0,"{""single_sweep_composite_vjp_call"":2500}"
s3b-cell-7c03a217fcd7f5d2311c,s3b-block-2cf74f689f6a282264ed,isolated_layer_vjp,strict,32,256,64,72,155000,250,620.0,1.0,0.96875,1,0.0,"{""single_vjp_call"":155000}"
s3b-cell-7c78edd9ab46d4b737a1,s3b-block-50d43d8828871a666303,stage2_baseline,fixedpred,32,256,64,72,80000,250,320.0,1.0,1.0,1,0.0,"{""reused_across_inference_sweeps"":80000}"
s3b-cell-7d24f686e232eccf0fcd,s3b-block-248d76724a8cf4455766,composite_vjp,fixedpred,4,64,256,70,2500,250,10.0,4.0,1.0,1,0.0,"{""single_sweep_composite_vjp_call"":2500}"
s3b-cell-7eb22693c55b32775c10,s3b-block-db597d2061c77097a989,isolated_layer_vjp,strict,4,64,256,70,15000,250,60.0,1.0,0.75,1,0.0,"{""single_vjp_call"":15000}"
s3b-cell-7f4b09156d27ceeadda0,s3b-block-5293bf2a6dda7849ebe0,stage2_baseline,strict,16,256,64,71,75000,250,300.0,1.0,0.9375,1,0.0,"{""single_vjp_call"":75000}"
s3b-cell-7f8a9bacc2c870ce3f8f,s3b-block-01194f62493fd247f6f1,isolated_layer_vjp,fixedpred,32,256,256,70,80000,250,320.0,1.0,1.0,1,0.0,"{""single_vjp_call"":80000}"
s3b-cell-8166c3e5d0a5db759356,s3b-block-dfee844b8bfb62c631e6,composite_vjp,fixedpred,32,64,256,70,2500,250,10.0,32.0,1.0,1,0.0,"{""single_sweep_composite_vjp_call"":2500}"
s3b-cell-817ba3fc9aa75b7e7578,s3b-block-f17b38a3987bce4706d1,stage2_baseline,strict,16,256,256,71,75000,250,300.0,1.0,0.9375,1,0.0,"{""single_vjp_call"":75000}"
s3b-cell-83c2185a4cd71b249e11,s3b-block-858205a4ccbe49c37e00,isolated_layer_vjp,fixedpred,8,256,64,71,20000,250,80.0,1.0,1.0,1,0.0,"{""single_vjp_call"":20000}"
s3b-cell-8448aea2112431a2859a,s3b-block-4bfe422a2c01b57a2405,composite_vjp,strict,4,64,64,71,5000,250,20.0,3.0,0.75,1,0.0,"{""single_sweep_composite_vjp_call"":5000}"
s3b-cell-84c9d274cdb976ed1ea7,s3b-block-5623456ecc73c4de5b83,isolated_layer_vjp,strict,16,256,256,72,75000,250,300.0,1.0,0.9375,1,0.0,"{""single_vjp_call"":75000}"
s3b-cell-85a674901c932193a9e7,s3b-block-e38893f5f5eb3e81b23e,composite_vjp,strict,8,256,256,72,5000,250,20.0,7.0,0.875,1,0.0,"{""single_sweep_composite_vjp_call"":5000}"
s3b-cell-86cd3026ae79765129a8,s3b-block-ddc92b0625b483a884e3,stage2_baseline,strict,8,256,64,72,35000,250,140.0,1.0,0.875,1,0.0,"{""single_vjp_call"":35000}"
s3b-cell-8830653b4bb31288ee7a,s3b-block-858205a4ccbe49c37e00,stage2_baseline,fixedpred,8,256,64,71,20000,250,80.0,1.0,1.0,1,0.0,"{""reused_across_inference_sweeps"":20000}"
s3b-cell-89c720c1076140957bec,s3b-block-48ba4e0d32360c38db27,stage2_baseline,strict,8,64,64,70,35000,250,140.0,1.0,0.875,1,0.0,"{""single_vjp_call"":35000}"
s3b-cell-8a0313b11012b1cc7e47,s3b-block-03dd886dc9d22a85f182,isolated_layer_vjp,fixedpred,4,64,256,72,10000,250,40.0,1.0,1.0,1,0.0,"{""single_vjp_call"":10000}"
s3b-cell-8a04056f1cbd0d0d9ec6,s3b-block-d21540cc9c7bae2324da,isolated_layer_vjp,fixedpred,4,64,64,71,10000,250,40.0,1.0,1.0,1,0.0,"{""single_vjp_call"":10000}"
s3b-cell-8b3e3e71285efb7113ca,s3b-block-0dcba60dfd67454824e3,isolated_layer_vjp,fixedpred,16,256,256,71,40000,250,160.0,1.0,1.0,1,0.0,"{""single_vjp_call"":40000}"
s3b-cell-8c78d1983ec18eff1b7e,s3b-block-8bd164e99139f225afc6,composite_vjp,strict,16,64,256,70,5000,250,20.0,15.0,0.9375,1,0.0,"{""single_sweep_composite_vjp_call"":5000}"
s3b-cell-8d9d9f264dd380368a8f,s3b-block-c7dd1b63aab3be279169,composite_vjp,fixedpred,32,64,64,71,2500,250,10.0,32.0,1.0,1,0.0,"{""single_sweep_composite_vjp_call"":2500}"
s3b-cell-8dff9904d4572a4cafca,s3b-block-2ba7a97fcdd9242b2b3b,composite_vjp,fixedpred,4,64,256,71,2500,250,10.0,4.0,1.0,1,0.0,"{""single_sweep_composite_vjp_call"":2500}"
s3b-cell-8ef1479647b37ef7c710,s3b-block-a2183841e5874032a40b,composite_vjp,fixedpred,32,256,256,71,2500,250,10.0,32.0,1.0,1,0.0,"{""single_sweep_composite_vjp_call"":2500}"
s3b-cell-8f3ef95fb88569385de3,s3b-block-4bfe422a2c01b57a2405,stage2_baseline,strict,4,64,64,71,15000,250,60.0,1.0,0.75,1,0.0,"{""single_vjp_call"":15000}"
s3b-cell-918b93dce8ba909ba81d,s3b-block-6e94bca68e9ec88279a0,stage2_baseline,strict,32,64,64,71,155000,250,620.0,1.0,0.96875,1,0.0,"{""single_vjp_call"":155000}"
s3b-cell-91d30594e7126b4b2565,s3b-block-fbc757a5037e1e104d06,stage2_baseline,fixedpred,8,64,256,71,20000,250,80.0,1.0,1.0,1,0.0,"{""reused_across_inference_sweeps"":20000}"
s3b-cell-93536c17e97afdafda38,s3b-block-b91eb1ba30f3b1df6cd1,stage2_baseline,fixedpred,4,256,64,71,10000,250,40.0,1.0,1.0,1,0.0,"{""reused_across_inference_sweeps"":10000}"
s3b-cell-936f47d4393d01da2670,s3b-block-468115f1002de4acf41a,stage2_baseline,fixedpred,32,256,256,72,80000,250,320.0,1.0,1.0,1,0.0,"{""reused_across_inference_sweeps"":80000}"
s3b-cell-939a8c5f4863a731157b,s3b-block-9e3031c8e1de1017d07e,composite_vjp,fixedpred,4,256,256,70,2500,250,10.0,4.0,1.0,1,0.0,"{""single_sweep_composite_vjp_call"":2500}"
s3b-cell-941b60cc032ab0d51200,s3b-block-48ba4e0d32360c38db27,composite_vjp,strict,8,64,64,70,5000,250,20.0,7.0,0.875,1,0.0,"{""single_sweep_composite_vjp_call"":5000}"
s3b-cell-95cc05ec7990d4a79808,s3b-block-5293bf2a6dda7849ebe0,composite_vjp,strict,16,256,64,71,5000,250,20.0,15.0,0.9375,1,0.0,"{""single_sweep_composite_vjp_call"":5000}"
s3b-cell-96715a62d54bddd13a58,s3b-block-5a95fb95a9231b0407ce,composite_vjp,strict,32,64,256,72,5000,250,20.0,31.0,0.96875,1,0.0,"{""single_sweep_composite_vjp_call"":5000}"
s3b-cell-975c1452389689836e45,s3b-block-e83ff808cf35f32b4a81,composite_vjp,strict,8,64,64,71,5000,250,20.0,7.0,0.875,1,0.0,"{""single_sweep_composite_vjp_call"":5000}"
s3b-cell-9859212a662e48e6ec95,s3b-block-929a1b2367208204c01f,isolated_layer_vjp,fixedpred,8,64,64,71,20000,250,80.0,1.0,1.0,1,0.0,"{""single_vjp_call"":20000}"
s3b-cell-9861f1004a37f05001a5,s3b-block-6343adee427ef9c6c1dc,stage2_baseline,fixedpred,8,256,256,71,20000,250,80.0,1.0,1.0,1,0.0,"{""reused_across_inference_sweeps"":20000}"
s3b-cell-9969e85b0ba8c77a65d9,s3b-block-def205922958b1e906ca,composite_vjp,strict,4,256,64,72,5000,250,20.0,3.0,0.75,1,0.0,"{""single_sweep_composite_vjp_call"":5000}"
s3b-cell-999ee1de7aa985628902,s3b-block-1b87ab8a31783316765a,stage2_baseline,strict,32,64,256,70,155000,250,620.0,1.0,0.96875,1,0.0,"{""single_vjp_call"":155000}"
s3b-cell-99ddca8d49970781f837,s3b-block-2b2e9efa1f112a82e9a2,composite_vjp,fixedpred,32,256,64,71,2500,250,10.0,32.0,1.0,1,0.0,"{""single_sweep_composite_vjp_call"":2500}"
s3b-cell-9a57d795fe5fec3bb3d8,s3b-block-7e8ea96acc135bafc97b,isolated_layer_vjp,fixedpred,8,256,256,72,20000,250,80.0,1.0,1.0,1,0.0,"{""single_vjp_call"":20000}"
s3b-cell-9b0b3cec21d8767755ea,s3b-block-ba173cd73d0e1c5d29f5,composite_vjp,strict,4,64,256,71,5000,250,20.0,3.0,0.75,1,0.0,"{""single_sweep_composite_vjp_call"":5000}"
s3b-cell-9bb60e835530c80553a4,s3b-block-73e9fa86f8a041731cdf,composite_vjp,strict,16,64,64,70,5000,250,20.0,15.0,0.9375,1,0.0,"{""single_sweep_composite_vjp_call"":5000}"
s3b-cell-9c354ea3285c5de26a82,s3b-block-a55c3a89c984c8936ba5,composite_vjp,fixedpred,8,64,64,70,2500,250,10.0,8.0,1.0,1,0.0,"{""single_sweep_composite_vjp_call"":2500}"
s3b-cell-9c5efe908acedc126fe8,s3b-block-f17b38a3987bce4706d1,isolated_layer_vjp,strict,16,256,256,71,75000,250,300.0,1.0,0.9375,1,0.0,"{""single_vjp_call"":75000}"
s3b-cell-9ca16332b53313e555e6,s3b-block-b476ac8f4a666adc105c,isolated_layer_vjp,fixedpred,16,256,64,71,40000,250,160.0,1.0,1.0,1,0.0,"{""single_vjp_call"":40000}"
s3b-cell-9ce2f8052bbcbc00d2b1,s3b-block-89fbb803c6ec0394f3f0,isolated_layer_vjp,fixedpred,16,64,64,71,40000,250,160.0,1.0,1.0,1,0.0,"{""single_vjp_call"":40000}"
s3b-cell-9cee32ec303513f1780f,s3b-block-550d367ca244ec32ef93,composite_vjp,fixedpred,4,64,64,72,2500,250,10.0,4.0,1.0,1,0.0,"{""single_sweep_composite_vjp_call"":2500}"
s3b-cell-9e3f60132565995bd1d9,s3b-block-7e8ea96acc135bafc97b,stage2_baseline,fixedpred,8,256,256,72,20000,250,80.0,1.0,1.0,1,0.0,"{""reused_across_inference_sweeps"":20000}"
s3b-cell-9ea73590fd2f5bc019f6,s3b-block-550d367ca244ec32ef93,stage2_baseline,fixedpred,4,64,64,72,10000,250,40.0,1.0,1.0,1,0.0,"{""reused_across_inference_sweeps"":10000}"
s3b-cell-9f19fee63505e5281c54,s3b-block-770f17bf150216638d72,composite_vjp,strict,8,256,64,70,5000,250,20.0,7.0,0.875,1,0.0,"{""single_sweep_composite_vjp_call"":5000}"
s3b-cell-a1060c9c167558d81d6b,s3b-block-1c1e8b7285564b954ea1,stage2_baseline,fixedpred,32,64,256,72,80000,250,320.0,1.0,1.0,1,0.0,"{""reused_across_inference_sweeps"":80000}"
s3b-cell-a1da46f37329dbc581d8,s3b-block-2f8f2e15c6be445829b9,stage2_baseline,strict,32,256,256,72,155000,250,620.0,1.0,0.96875,1,0.0,"{""single_vjp_call"":155000}"
s3b-cell-a2e4bf1fbdacb5e326c1,s3b-block-98eef593a40cbcdef8e7,composite_vjp,strict,32,64,64,72,5000,250,20.0,31.0,0.96875,1,0.0,"{""single_sweep_composite_vjp_call"":5000}"
s3b-cell-a3d5c3368b4cd7af90a1,s3b-block-1fd577634741b207f982,stage2_baseline,fixedpred,4,64,64,70,10000,250,40.0,1.0,1.0,1,0.0,"{""reused_across_inference_sweeps"":10000}"
s3b-cell-a433ce60d2636cdd48ce,s3b-block-8bd164e99139f225afc6,stage2_baseline,strict,16,64,256,70,75000,250,300.0,1.0,0.9375,1,0.0,"{""single_vjp_call"":75000}"
s3b-cell-a4777b0956ae4bf4333a,s3b-block-2b2e9efa1f112a82e9a2,isolated_layer_vjp,fixedpred,32,256,64,71,80000,250,320.0,1.0,1.0,1,0.0,"{""single_vjp_call"":80000}"
s3b-cell-a4e767d7c79b31f10a74,s3b-block-89e5aee5e8dffdf6b3ed,isolated_layer_vjp,strict,8,64,256,71,35000,250,140.0,1.0,0.875,1,0.0,"{""single_vjp_call"":35000}"
s3b-cell-a51b928dab4bbb6039c0,s3b-block-0e5b912a97aaa0188407,stage2_baseline,fixedpred,8,64,64,72,20000,250,80.0,1.0,1.0,1,0.0,"{""reused_across_inference_sweeps"":20000}"
s3b-cell-a54d2b30d39e1b6f1b5f,s3b-block-321102a72410315d0551,stage2_baseline,fixedpred,8,64,256,72,20000,250,80.0,1.0,1.0,1,0.0,"{""reused_across_inference_sweeps"":20000}"
s3b-cell-a56d936109a0df17edd1,s3b-block-ceea80bf2a91e34a5d19,stage2_baseline,fixedpred,4,256,256,71,10000,250,40.0,1.0,1.0,1,0.0,"{""reused_across_inference_sweeps"":10000}"
s3b-cell-a6b27c80a806f886a8a2,s3b-block-2cf74f689f6a282264ed,composite_vjp,strict,32,256,64,72,5000,250,20.0,31.0,0.96875,1,0.0,"{""single_sweep_composite_vjp_call"":5000}"
s3b-cell-a6c239835d611ad528e6,s3b-block-8786fb5044e20025df06,isolated_layer_vjp,fixedpred,32,256,64,70,80000,250,320.0,1.0,1.0,1,0.0,"{""single_vjp_call"":80000}"
s3b-cell-a6c91fa6fefd5bcf9a05,s3b-block-cbb29f5f2dc9cf1bd0d0,composite_vjp,strict,4,256,256,70,5000,250,20.0,3.0,0.75,1,0.0,"{""single_sweep_composite_vjp_call"":5000}"
s3b-cell-a6fec96a9df788c05441,s3b-block-89fbb803c6ec0394f3f0,stage2_baseline,fixedpred,16,64,64,71,40000,250,160.0,1.0,1.0,1,0.0,"{""reused_across_inference_sweeps"":40000}"
s3b-cell-a79c29e9ea0e2864422f,s3b-block-7301c6b6a4a9d50fba77,isolated_layer_vjp,fixedpred,4,256,256,72,10000,250,40.0,1.0,1.0,1,0.0,"{""single_vjp_call"":10000}"
s3b-cell-a948b562ef61d749b7e2,s3b-block-468115f1002de4acf41a,composite_vjp,fixedpred,32,256,256,72,2500,250,10.0,32.0,1.0,1,0.0,"{""single_sweep_composite_vjp_call"":2500}"
s3b-cell-ab68b728b70fa934dd78,s3b-block-8786fb5044e20025df06,stage2_baseline,fixedpred,32,256,64,70,80000,250,320.0,1.0,1.0,1,0.0,"{""reused_across_inference_sweeps"":80000}"
s3b-cell-ac50728ca9cc0fc361e6,s3b-block-ba173cd73d0e1c5d29f5,isolated_layer_vjp,strict,4,64,256,71,15000,250,60.0,1.0,0.75,1,0.0,"{""single_vjp_call"":15000}"
s3b-cell-ad21ef15989b00cc374c,s3b-block-7e8ea96acc135bafc97b,composite_vjp,fixedpred,8,256,256,72,2500,250,10.0,8.0,1.0,1,0.0,"{""single_sweep_composite_vjp_call"":2500}"
s3b-cell-add3f84039c029a245f7,s3b-block-0e5b912a97aaa0188407,composite_vjp,fixedpred,8,64,64,72,2500,250,10.0,8.0,1.0,1,0.0,"{""single_sweep_composite_vjp_call"":2500}"
s3b-cell-ae463c21b684b46c8f40,s3b-block-a828de0cbfc11c598661,stage2_baseline,strict,32,256,64,70,155000,250,620.0,1.0,0.96875,1,0.0,"{""single_vjp_call"":155000}"
s3b-cell-af6830b419e1f4dffef5,s3b-block-48bf63ad14fc2bc1ff7a,isolated_layer_vjp,fixedpred,16,256,64,72,40000,250,160.0,1.0,1.0,1,0.0,"{""single_vjp_call"":40000}"
s3b-cell-b25bd26d0dc2e92b9d71,s3b-block-1c1e8b7285564b954ea1,composite_vjp,fixedpred,32,64,256,72,2500,250,10.0,32.0,1.0,1,0.0,"{""single_sweep_composite_vjp_call"":2500}"
s3b-cell-b2d3d9040e593a1b9189,s3b-block-79c2b893b57e307e1d01,stage2_baseline,fixedpred,16,64,64,70,40000,250,160.0,1.0,1.0,1,0.0,"{""reused_across_inference_sweeps"":40000}"
s3b-cell-b4397b05cd716af9e599,s3b-block-66658e6e3b8416c34d1a,composite_vjp,strict,8,256,256,71,5000,250,20.0,7.0,0.875,1,0.0,"{""single_sweep_composite_vjp_call"":5000}"
s3b-cell-b6581194672626285a1b,s3b-block-d5ff53aa5589df11a40e,composite_vjp,strict,4,256,256,71,5000,250,20.0,3.0,0.75,1,0.0,"{""single_sweep_composite_vjp_call"":5000}"
s3b-cell-b6982f1a16c7c9be7475,s3b-block-ee8ffa90a0acd26c78a2,composite_vjp,fixedpred,32,64,64,70,2500,250,10.0,32.0,1.0,1,0.0,"{""single_sweep_composite_vjp_call"":2500}"
s3b-cell-bac1940f3e8055170e1e,s3b-block-8e19192b0dad4fc3113c,isolated_layer_vjp,fixedpred,16,256,64,70,40000,250,160.0,1.0,1.0,1,0.0,"{""single_vjp_call"":40000}"
s3b-cell-be1aa2eb735f5f40182d,s3b-block-2aeb2e45735b91688bf1,stage2_baseline,fixedpred,8,64,256,70,20000,250,80.0,1.0,1.0,1,0.0,"{""reused_across_inference_sweeps"":20000}"
s3b-cell-be63b4e18c0172b3a9d9,s3b-block-d5ff53aa5589df11a40e,stage2_baseline,strict,4,256,256,71,15000,250,60.0,1.0,0.75,1,0.0,"{""single_vjp_call"":15000}"
s3b-cell-bfa411ff005bf1696755,s3b-block-6343adee427ef9c6c1dc,isolated_layer_vjp,fixedpred,8,256,256,71,20000,250,80.0,1.0,1.0,1,0.0,"{""single_vjp_call"":20000}"
s3b-cell-c03aa97d447354eec300,s3b-block-c7dd1b63aab3be279169,isolated_layer_vjp,fixedpred,32,64,64,71,80000,250,320.0,1.0,1.0,1,0.0,"{""single_vjp_call"":80000}"
s3b-cell-c0b96227e42a89a51244,s3b-block-2038cde586d1edeab33e,isolated_layer_vjp,strict,4,256,256,72,15000,250,60.0,1.0,0.75,1,0.0,"{""single_vjp_call"":15000}"
s3b-cell-c1d4d3a7dc1f33be202c,s3b-block-d21540cc9c7bae2324da,stage2_baseline,fixedpred,4,64,64,71,10000,250,40.0,1.0,1.0,1,0.0,"{""reused_across_inference_sweeps"":10000}"
s3b-cell-c2e235d89272f1574ea3,s3b-block-1018780e545ea1ba80e6,composite_vjp,fixedpred,32,64,256,71,2500,250,10.0,32.0,1.0,1,0.0,"{""single_sweep_composite_vjp_call"":2500}"
s3b-cell-c2fd89c05571ed187152,s3b-block-5203a4d44e3a2f436ffe,composite_vjp,strict,32,256,64,71,5000,250,20.0,31.0,0.96875,1,0.0,"{""single_sweep_composite_vjp_call"":5000}"
s3b-cell-c376ec7c9ac96a612337,s3b-block-6bb2d4d9cc338b1ce65d,stage2_baseline,fixedpred,32,64,64,72,80000,250,320.0,1.0,1.0,1,0.0,"{""reused_across_inference_sweeps"":80000}"
s3b-cell-c4a6f38909e6ffa17191,s3b-block-cef43a3b51b07d739d90,composite_vjp,strict,4,64,256,72,5000,250,20.0,3.0,0.75,1,0.0,"{""single_sweep_composite_vjp_call"":5000}"
s3b-cell-c4b71a2b963d162682d1,s3b-block-66658e6e3b8416c34d1a,stage2_baseline,strict,8,256,256,71,35000,250,140.0,1.0,0.875,1,0.0,"{""single_vjp_call"":35000}"
s3b-cell-c64633d8dbae5648283a,s3b-block-2038cde586d1edeab33e,composite_vjp,strict,4,256,256,72,5000,250,20.0,3.0,0.75,1,0.0,"{""single_sweep_composite_vjp_call"":5000}"
s3b-cell-c8d5708e75061134eff7,s3b-block-8dd17961dcd5ccbf7d3a,composite_vjp,strict,8,64,64,72,5000,250,20.0,7.0,0.875,1,0.0,"{""single_sweep_composite_vjp_call"":5000}"
s3b-cell-c9bc31dfe0d5a045f1c3,s3b-block-a828de0cbfc11c598661,composite_vjp,strict,32,256,64,70,5000,250,20.0,31.0,0.96875,1,0.0,"{""single_sweep_composite_vjp_call"":5000}"
s3b-cell-c9e1451e9256ff9d746e,s3b-block-2aeb2e45735b91688bf1,composite_vjp,fixedpred,8,64,256,70,2500,250,10.0,8.0,1.0,1,0.0,"{""single_sweep_composite_vjp_call"":2500}"
s3b-cell-cb152c64bf9f0e48b184,s3b-block-0dcba60dfd67454824e3,stage2_baseline,fixedpred,16,256,256,71,40000,250,160.0,1.0,1.0,1,0.0,"{""reused_across_inference_sweeps"":40000}"
s3b-cell-cb2b7f4572eeb11d99bb,s3b-block-a55c3a89c984c8936ba5,isolated_layer_vjp,fixedpred,8,64,64,70,20000,250,80.0,1.0,1.0,1,0.0,"{""single_vjp_call"":20000}"
s3b-cell-cdafef86dad427d26b64,s3b-block-248d76724a8cf4455766,stage2_baseline,fixedpred,4,64,256,70,10000,250,40.0,1.0,1.0,1,0.0,"{""reused_across_inference_sweeps"":10000}"
s3b-cell-cdebb42c7d3609e50fb5,s3b-block-79c2b893b57e307e1d01,composite_vjp,fixedpred,16,64,64,70,2500,250,10.0,16.0,1.0,1,0.0,"{""single_sweep_composite_vjp_call"":2500}"
s3b-cell-ceb0d61c38aee2a30063,s3b-block-8dd17961dcd5ccbf7d3a,stage2_baseline,strict,8,64,64,72,35000,250,140.0,1.0,0.875,1,0.0,"{""single_vjp_call"":35000}"
s3b-cell-cfc15d2b07083eb02f00,s3b-block-0dcba60dfd67454824e3,composite_vjp,fixedpred,16,256,256,71,2500,250,10.0,16.0,1.0,1,0.0,"{""single_sweep_composite_vjp_call"":2500}"
s3b-cell-d094237feaca9cc0324a,s3b-block-64454a27a9a9c9ebfa9b,stage2_baseline,strict,32,256,256,71,155000,250,620.0,1.0,0.96875,1,0.0,"{""single_vjp_call"":155000}"
s3b-cell-d10b0791f9f5ba231ea9,s3b-block-91d8a0b7be6b9952687d,stage2_baseline,strict,4,64,64,72,15000,250,60.0,1.0,0.75,1,0.0,"{""single_vjp_call"":15000}"
s3b-cell-d2c28f8392cdb83fd068,s3b-block-73e9fa86f8a041731cdf,isolated_layer_vjp,strict,16,64,64,70,75000,250,300.0,1.0,0.9375,1,0.0,"{""single_vjp_call"":75000}"
s3b-cell-d3f22c88dffe1305db46,s3b-block-cbb29f5f2dc9cf1bd0d0,isolated_layer_vjp,strict,4,256,256,70,15000,250,60.0,1.0,0.75,1,0.0,"{""single_vjp_call"":15000}"
s3b-cell-d674a6b4e22f9458c9be,s3b-block-06b1f209a877adaa915d,stage2_baseline,strict,4,256,64,71,15000,250,60.0,1.0,0.75,1,0.0,"{""single_vjp_call"":15000}"
s3b-cell-d74959523f35b352415c,s3b-block-b8065946fe637b30bb46,composite_vjp,strict,8,256,256,70,5000,250,20.0,7.0,0.875,1,0.0,"{""single_sweep_composite_vjp_call"":5000}"
s3b-cell-d767cfb9519fb4fe4c65,s3b-block-50d43d8828871a666303,isolated_layer_vjp,fixedpred,32,256,64,72,80000,250,320.0,1.0,1.0,1,0.0,"{""single_vjp_call"":80000}"
s3b-cell-d8c5f318f070ec527b36,s3b-block-408d0b1b8fa7bba85a56,isolated_layer_vjp,strict,16,64,64,71,75000,250,300.0,1.0,0.9375,1,0.0,"{""single_vjp_call"":75000}"
s3b-cell-d92c6a311e19e1536851,s3b-block-e38893f5f5eb3e81b23e,stage2_baseline,strict,8,256,256,72,35000,250,140.0,1.0,0.875,1,0.0,"{""single_vjp_call"":35000}"
s3b-cell-dc548381b95ce41f30c9,s3b-block-5623456ecc73c4de5b83,composite_vjp,strict,16,256,256,72,5000,250,20.0,15.0,0.9375,1,0.0,"{""single_sweep_composite_vjp_call"":5000}"
s3b-cell-dcb9287922268d05fa17,s3b-block-730ac753af2418590251,stage2_baseline,fixedpred,8,256,256,70,20000,250,80.0,1.0,1.0,1,0.0,"{""reused_across_inference_sweeps"":20000}"
s3b-cell-dccaa408ec328de900ff,s3b-block-775648ac8900099a0d48,composite_vjp,strict,8,256,64,71,5000,250,20.0,7.0,0.875,1,0.0,"{""single_sweep_composite_vjp_call"":5000}"
s3b-cell-dccd3a812a16ca1fa8a7,s3b-block-91d8a0b7be6b9952687d,isolated_layer_vjp,strict,4,64,64,72,15000,250,60.0,1.0,0.75,1,0.0,"{""single_vjp_call"":15000}"
s3b-cell-ddcc97841766d668c0ee,s3b-block-4fc6a712eae99f7492f7,composite_vjp,fixedpred,16,256,256,70,2500,250,10.0,16.0,1.0,1,0.0,"{""single_sweep_composite_vjp_call"":2500}"
s3b-cell-de5cebbf64a3dc8a9a9a,s3b-block-48a806186e9e1f3c3fc0,stage2_baseline,strict,8,64,256,72,35000,250,140.0,1.0,0.875,1,0.0,"{""single_vjp_call"":35000}"
s3b-cell-de7098846c7388a9e064,s3b-block-1fd577634741b207f982,composite_vjp,fixedpred,4,64,64,70,2500,250,10.0,4.0,1.0,1,0.0,"{""single_sweep_composite_vjp_call"":2500}"
s3b-cell-df02e92c964fa4bda342,s3b-block-fbc757a5037e1e104d06,isolated_layer_vjp,fixedpred,8,64,256,71,20000,250,80.0,1.0,1.0,1,0.0,"{""single_vjp_call"":20000}"
s3b-cell-df4b3f986e32adbed3f5,s3b-block-7345bcc3aa1e0e6e0517,stage2_baseline,strict,8,64,256,70,35000,250,140.0,1.0,0.875,1,0.0,"{""single_vjp_call"":35000}"
s3b-cell-df6ce38e42428e748fde,s3b-block-b476ac8f4a666adc105c,stage2_baseline,fixedpred,16,256,64,71,40000,250,160.0,1.0,1.0,1,0.0,"{""reused_across_inference_sweeps"":40000}"
s3b-cell-e02ba81b3f8e08cf645e,s3b-block-b8065946fe637b30bb46,isolated_layer_vjp,strict,8,256,256,70,35000,250,140.0,1.0,0.875,1,0.0,"{""single_vjp_call"":35000}"
s3b-cell-e0859c84e14ad8f9ed75,s3b-block-7345bcc3aa1e0e6e0517,composite_vjp,strict,8,64,256,70,5000,250,20.0,7.0,0.875,1,0.0,"{""single_sweep_composite_vjp_call"":5000}"
s3b-cell-e0884aafdbbaf9de16e9,s3b-block-6d7761e4e1ad7cdc3808,isolated_layer_vjp,fixedpred,4,256,64,70,10000,250,40.0,1.0,1.0,1,0.0,"{""single_vjp_call"":10000}"
s3b-cell-e0bc0376258ac2e5c28b,s3b-block-a55c3a89c984c8936ba5,stage2_baseline,fixedpred,8,64,64,70,20000,250,80.0,1.0,1.0,1,0.0,"{""reused_across_inference_sweeps"":20000}"
s3b-cell-e68d489875e33654cddf,s3b-block-70e5aa369c8a27e31e55,isolated_layer_vjp,fixedpred,4,256,64,72,10000,250,40.0,1.0,1.0,1,0.0,"{""single_vjp_call"":10000}"
s3b-cell-e76ea9c50c7bee7ffa27,s3b-block-01194f62493fd247f6f1,composite_vjp,fixedpred,32,256,256,70,2500,250,10.0,32.0,1.0,1,0.0,"{""single_sweep_composite_vjp_call"":2500}"
s3b-cell-e84402faac42ff8b615c,s3b-block-14bf0a93a0fbe73ff031,isolated_layer_vjp,fixedpred,16,64,256,70,40000,250,160.0,1.0,1.0,1,0.0,"{""single_vjp_call"":40000}"
s3b-cell-e86cb56634b6773e26ee,s3b-block-ee8ffa90a0acd26c78a2,stage2_baseline,fixedpred,32,64,64,70,80000,250,320.0,1.0,1.0,1,0.0,"{""reused_across_inference_sweeps"":80000}"
s3b-cell-e93ad5be4417e50bfbeb,s3b-block-133f61522ecc4a38e0db,isolated_layer_vjp,fixedpred,16,256,256,72,40000,250,160.0,1.0,1.0,1,0.0,"{""single_vjp_call"":40000}"
s3b-cell-eab869bd2bb2b0c31144,s3b-block-1fd577634741b207f982,isolated_layer_vjp,fixedpred,4,64,64,70,10000,250,40.0,1.0,1.0,1,0.0,"{""single_vjp_call"":10000}"
s3b-cell-eaf59db10cec6857b475,s3b-block-bee85bf94778cac8d0dd,stage2_baseline,strict,4,256,64,70,15000,250,60.0,1.0,0.75,1,0.0,"{""single_vjp_call"":15000}"
s3b-cell-ebafaef077603ac63e5d,s3b-block-6e6fc3d0cd92233b34cc,stage2_baseline,fixedpred,16,64,256,72,40000,250,160.0,1.0,1.0,1,0.0,"{""reused_across_inference_sweeps"":40000}"
s3b-cell-ecc35ca43289347e025b,s3b-block-db597d2061c77097a989,stage2_baseline,strict,4,64,256,70,15000,250,60.0,1.0,0.75,1,0.0,"{""single_vjp_call"":15000}"
s3b-cell-ed6f3d629b7c3b4f0ae0,s3b-block-1670e5358f7599134dc5,stage2_baseline,strict,16,256,64,72,75000,250,300.0,1.0,0.9375,1,0.0,"{""single_vjp_call"":75000}"
s3b-cell-eee7bc51a088d8dab9bd,s3b-block-64454a27a9a9c9ebfa9b,composite_vjp,strict,32,256,256,71,5000,250,20.0,31.0,0.96875,1,0.0,"{""single_sweep_composite_vjp_call"":5000}"
s3b-cell-f00e0d833e4eed02c785,s3b-block-408d0b1b8fa7bba85a56,composite_vjp,strict,16,64,64,71,5000,250,20.0,15.0,0.9375,1,0.0,"{""single_sweep_composite_vjp_call"":5000}"
s3b-cell-f06c51303a9391d0e0fd,s3b-block-2f8f2e15c6be445829b9,composite_vjp,strict,32,256,256,72,5000,250,20.0,31.0,0.96875,1,0.0,"{""single_sweep_composite_vjp_call"":5000}"
s3b-cell-f1ac553526962803b805,s3b-block-2f8f2e15c6be445829b9,isolated_layer_vjp,strict,32,256,256,72,155000,250,620.0,1.0,0.96875,1,0.0,"{""single_vjp_call"":155000}"
s3b-cell-f563f6045908a53911ed,s3b-block-a828de0cbfc11c598661,isolated_layer_vjp,strict,32,256,64,70,155000,250,620.0,1.0,0.96875,1,0.0,"{""single_vjp_call"":155000}"
s3b-cell-f5b99f27c28148098053,s3b-block-695189d6137415b25268,isolated_layer_vjp,fixedpred,16,64,256,71,40000,250,160.0,1.0,1.0,1,0.0,"{""single_vjp_call"":40000}"
s3b-cell-f60aabf4dcea1db3085d,s3b-block-6d7761e4e1ad7cdc3808,composite_vjp,fixedpred,4,256,64,70,2500,250,10.0,4.0,1.0,1,0.0,"{""single_sweep_composite_vjp_call"":2500}"
s3b-cell-f850263d3701049fbec8,s3b-block-5293bf2a6dda7849ebe0,isolated_layer_vjp,strict,16,256,64,71,75000,250,300.0,1.0,0.9375,1,0.0,"{""single_vjp_call"":75000}"
s3b-cell-f880208532811850722e,s3b-block-dfee844b8bfb62c631e6,stage2_baseline,fixedpred,32,64,256,70,80000,250,320.0,1.0,1.0,1,0.0,"{""reused_across_inference_sweeps"":80000}"
s3b-cell-f96c16ed7759dfe50889,s3b-block-8e19192b0dad4fc3113c,composite_vjp,fixedpred,16,256,64,70,2500,250,10.0,16.0,1.0,1,0.0,"{""single_sweep_composite_vjp_call"":2500}"
s3b-cell-f9edc873b624f8174590,s3b-block-def205922958b1e906ca,stage2_baseline,strict,4,256,64,72,15000,250,60.0,1.0,0.75,1,0.0,"{""single_vjp_call"":15000}"
s3b-cell-fe54e7510c14dd65ea11,s3b-block-bee85bf94778cac8d0dd,isolated_layer_vjp,strict,4,256,64,70,15000,250,60.0,1.0,0.75,1,0.0,"{""single_vjp_call"":15000}"
s3b-cell-ff05f6e13bdc59346037,s3b-block-4f8c6d282d71e7150305,composite_vjp,fixedpred,8,256,64,70,2500,250,10.0,8.0,1.0,1,0.0,"{""single_sweep_composite_vjp_call"":2500}"
