torch2pc_commit,torch_version,torch_hip_version,cpu_thread_count,visible_rocm_devices,model_architecture,batch_size,benchmark_schema_id,observer_schema_id,key,lane,arm,model_seed,batch_index,execution_order,source_git_commit,source_git_branch,experiment_image,device_name,dtype,reference_baseline_rss_bytes,reference_peak_rss_bytes,reference_final_rss_bytes,reference_vm_hwm_bytes,candidate_baseline_rss_bytes,candidate_peak_rss_bytes,candidate_final_rss_bytes,candidate_vm_hwm_bytes,reference_incremental_peak_rss_bytes,candidate_incremental_peak_rss_bytes,reference_baseline_allocated_bytes,candidate_baseline_allocated_bytes,reference_peak_allocated_bytes,candidate_peak_allocated_bytes,reference_current_allocated_bytes,candidate_current_allocated_bytes,reference_incremental_peak_allocated_bytes,candidate_incremental_peak_allocated_bytes,reference_baseline_reserved_bytes,candidate_baseline_reserved_bytes,reference_peak_reserved_bytes,candidate_peak_reserved_bytes,reference_current_reserved_bytes,candidate_current_reserved_bytes,reference_incremental_peak_reserved_bytes,candidate_incremental_peak_reserved_bytes,candidate_payload_bytes,candidate_payload_records,candidate_payload_bytes_by_role,candidate_payload_bytes_by_layer,paired_peak_memory_difference_bytes,memory_accounting_residual_bytes,passed_structure
b20d9142e4bdbf57b3ec8bf9f9c4472372ec8db4,2.9.1+rocm7.2.1.gitff65f5bc,7.2.53211-e1a6bc5663,1,,lenet_classic,256,stage3b-a1-obs-oh0-v1,stage3b-a1-obs-ni0-first-forward-io-v1,cpu:fixedpred:s0:b0,cpu,fixedpred,0,0,off_then_on,59dbcfa41a9c35cc8b72e75288aaa505459499d8,research/stage3b-a1-obs-oh0-observer-overhead,torch2pc-layerwise-thesis:0.1.0,cpu,torch.float64,897794048,1040842752,1002536960,1040769024,905555968,1046921216,1004695552,1046765568,143048704,141365248,,,,,,,,,,,,,,,,,11046912,12,"{""layer_input"": 6561792, ""layer_output"": 4485120}","{""0"": 4505600, ""1"": 3227648, ""2"": 1638400, ""3"": 1064960, ""4"": 417792, ""5"": 192512}",-1683456,-12730368,True
b20d9142e4bdbf57b3ec8bf9f9c4472372ec8db4,2.9.1+rocm7.2.1.gitff65f5bc,7.2.53211-e1a6bc5663,1,,lenet_classic,256,stage3b-a1-obs-oh0-v1,stage3b-a1-obs-ni0-first-forward-io-v1,cpu:joint_vjp:s0:b0,cpu,joint_vjp,0,0,on_then_off,59dbcfa41a9c35cc8b72e75288aaa505459499d8,research/stage3b-a1-obs-oh0-observer-overhead,torch2pc-layerwise-thesis:0.1.0,cpu,torch.float64,922107904,1015361536,975605760,1015255040,915927040,1019662336,979824640,1019555840,93253632,103735296,,,,,,,,,,,,,,,,,11046912,12,"{""layer_input"": 6561792, ""layer_output"": 4485120}","{""0"": 4505600, ""1"": 3227648, ""2"": 1638400, ""3"": 1064960, ""4"": 417792, ""5"": 192512}",10481664,-565248,True
b20d9142e4bdbf57b3ec8bf9f9c4472372ec8db4,2.9.1+rocm7.2.1.gitff65f5bc,7.2.53211-e1a6bc5663,1,,lenet_classic,256,stage3b-a1-obs-oh0-v1,stage3b-a1-obs-ni0-first-forward-io-v1,cpu:fixedpred:s0:b1,cpu,fixedpred,0,1,on_then_off,59dbcfa41a9c35cc8b72e75288aaa505459499d8,research/stage3b-a1-obs-oh0-observer-overhead,torch2pc-layerwise-thesis:0.1.0,cpu,torch.float64,915742720,1044881408,1003556864,1044725760,897769472,1042083840,997240832,1041928192,129138688,144314368,,,,,,,,,,,,,,,,,11046912,12,"{""layer_input"": 6561792, ""layer_output"": 4485120}","{""0"": 4505600, ""1"": 3227648, ""2"": 1638400, ""3"": 1064960, ""4"": 417792, ""5"": 192512}",15175680,4128768,True
b20d9142e4bdbf57b3ec8bf9f9c4472372ec8db4,2.9.1+rocm7.2.1.gitff65f5bc,7.2.53211-e1a6bc5663,1,,lenet_classic,256,stage3b-a1-obs-oh0-v1,stage3b-a1-obs-ni0-first-forward-io-v1,cpu:joint_vjp:s0:b1,cpu,joint_vjp,0,1,off_then_on,59dbcfa41a9c35cc8b72e75288aaa505459499d8,research/stage3b-a1-obs-oh0-observer-overhead,torch2pc-layerwise-thesis:0.1.0,cpu,torch.float64,905912320,998289408,958521344,998133760,905228288,1008586752,968699904,1008431104,92377088,103358464,,,,,,,,,,,,,,,,,11046912,12,"{""layer_input"": 6561792, ""layer_output"": 4485120}","{""0"": 4505600, ""1"": 3227648, ""2"": 1638400, ""3"": 1064960, ""4"": 417792, ""5"": 192512}",10981376,-65536,True
b20d9142e4bdbf57b3ec8bf9f9c4472372ec8db4,2.9.1+rocm7.2.1.gitff65f5bc,7.2.53211-e1a6bc5663,1,,lenet_classic,256,stage3b-a1-obs-oh0-v1,stage3b-a1-obs-ni0-first-forward-io-v1,cpu:fixedpred:s0:b2,cpu,fixedpred,0,2,off_then_on,59dbcfa41a9c35cc8b72e75288aaa505459499d8,research/stage3b-a1-obs-oh0-observer-overhead,torch2pc-layerwise-thesis:0.1.0,cpu,torch.float64,897257472,1029107712,985653248,1029001216,904974336,1056886784,1007116288,1056714752,131850240,151912448,,,,,,,,,,,,,,,,,11046912,12,"{""layer_input"": 6561792, ""layer_output"": 4485120}","{""0"": 4505600, ""1"": 3227648, ""2"": 1638400, ""3"": 1064960, ""4"": 417792, ""5"": 192512}",20062208,9015296,True
b20d9142e4bdbf57b3ec8bf9f9c4472372ec8db4,2.9.1+rocm7.2.1.gitff65f5bc,7.2.53211-e1a6bc5663,1,,lenet_classic,256,stage3b-a1-obs-oh0-v1,stage3b-a1-obs-ni0-first-forward-io-v1,cpu:joint_vjp:s0:b2,cpu,joint_vjp,0,2,on_then_off,59dbcfa41a9c35cc8b72e75288aaa505459499d8,research/stage3b-a1-obs-oh0-observer-overhead,torch2pc-layerwise-thesis:0.1.0,cpu,torch.float64,905691136,997904384,958070784,997863424,922841088,1026306048,986542080,1026265088,92213248,103464960,,,,,,,,,,,,,,,,,11046912,12,"{""layer_input"": 6561792, ""layer_output"": 4485120}","{""0"": 4505600, ""1"": 3227648, ""2"": 1638400, ""3"": 1064960, ""4"": 417792, ""5"": 192512}",11251712,204800,True
b20d9142e4bdbf57b3ec8bf9f9c4472372ec8db4,2.9.1+rocm7.2.1.gitff65f5bc,7.2.53211-e1a6bc5663,1,,lenet_classic,256,stage3b-a1-obs-oh0-v1,stage3b-a1-obs-ni0-first-forward-io-v1,cpu:fixedpred:s0:b3,cpu,fixedpred,0,3,on_then_off,59dbcfa41a9c35cc8b72e75288aaa505459499d8,research/stage3b-a1-obs-oh0-observer-overhead,torch2pc-layerwise-thesis:0.1.0,cpu,torch.float64,905359360,1035079680,990150656,1035038720,905248768,1059926016,1010155520,1059753984,129720320,154677248,,,,,,,,,,,,,,,,,11046912,12,"{""layer_input"": 6561792, ""layer_output"": 4485120}","{""0"": 4505600, ""1"": 3227648, ""2"": 1638400, ""3"": 1064960, ""4"": 417792, ""5"": 192512}",24956928,13910016,True
b20d9142e4bdbf57b3ec8bf9f9c4472372ec8db4,2.9.1+rocm7.2.1.gitff65f5bc,7.2.53211-e1a6bc5663,1,,lenet_classic,256,stage3b-a1-obs-oh0-v1,stage3b-a1-obs-ni0-first-forward-io-v1,cpu:joint_vjp:s0:b3,cpu,joint_vjp,0,3,off_then_on,59dbcfa41a9c35cc8b72e75288aaa505459499d8,research/stage3b-a1-obs-oh0-observer-overhead,torch2pc-layerwise-thesis:0.1.0,cpu,torch.float64,922021888,1015283712,975527936,1015177216,905732096,1008852992,968966144,1008697344,93261824,103120896,,,,,,,,,,,,,,,,,11046912,12,"{""layer_input"": 6561792, ""layer_output"": 4485120}","{""0"": 4505600, ""1"": 3227648, ""2"": 1638400, ""3"": 1064960, ""4"": 417792, ""5"": 192512}",9859072,-1187840,True
b20d9142e4bdbf57b3ec8bf9f9c4472372ec8db4,2.9.1+rocm7.2.1.gitff65f5bc,7.2.53211-e1a6bc5663,1,,lenet_classic,256,stage3b-a1-obs-oh0-v1,stage3b-a1-obs-ni0-first-forward-io-v1,cpu:fixedpred:s0:b4,cpu,fixedpred,0,4,off_then_on,59dbcfa41a9c35cc8b72e75288aaa505459499d8,research/stage3b-a1-obs-oh0-observer-overhead,torch2pc-layerwise-thesis:0.1.0,cpu,torch.float64,922836992,1053503488,1013551104,1053347840,901709824,1042935808,1004621824,1042894848,130666496,141225984,,,,,,,,,,,,,,,,,11046912,12,"{""layer_input"": 6561792, ""layer_output"": 4485120}","{""0"": 4505600, ""1"": 3227648, ""2"": 1638400, ""3"": 1064960, ""4"": 417792, ""5"": 192512}",10559488,-487424,True
b20d9142e4bdbf57b3ec8bf9f9c4472372ec8db4,2.9.1+rocm7.2.1.gitff65f5bc,7.2.53211-e1a6bc5663,1,,lenet_classic,256,stage3b-a1-obs-oh0-v1,stage3b-a1-obs-ni0-first-forward-io-v1,cpu:joint_vjp:s0:b4,cpu,joint_vjp,0,4,on_then_off,59dbcfa41a9c35cc8b72e75288aaa505459499d8,research/stage3b-a1-obs-oh0-observer-overhead,torch2pc-layerwise-thesis:0.1.0,cpu,torch.float64,910192640,1002614784,962785280,1002508288,905347072,1008328704,968359936,1008222208,92422144,102981632,,,,,,,,,,,,,,,,,11046912,12,"{""layer_input"": 6561792, ""layer_output"": 4485120}","{""0"": 4505600, ""1"": 3227648, ""2"": 1638400, ""3"": 1064960, ""4"": 417792, ""5"": 192512}",10559488,-487424,True
b20d9142e4bdbf57b3ec8bf9f9c4472372ec8db4,2.9.1+rocm7.2.1.gitff65f5bc,7.2.53211-e1a6bc5663,1,,lenet_classic,256,stage3b-a1-obs-oh0-v1,stage3b-a1-obs-ni0-first-forward-io-v1,cpu:fixedpred:s0:b5,cpu,fixedpred,0,5,on_then_off,59dbcfa41a9c35cc8b72e75288aaa505459499d8,research/stage3b-a1-obs-oh0-observer-overhead,torch2pc-layerwise-thesis:0.1.0,cpu,torch.float64,902201344,1031778304,988209152,1031688192,898224128,1039261696,995270656,1039106048,129576960,141037568,,,,,,,,,,,,,,,,,11046912,12,"{""layer_input"": 6561792, ""layer_output"": 4485120}","{""0"": 4505600, ""1"": 3227648, ""2"": 1638400, ""3"": 1064960, ""4"": 417792, ""5"": 192512}",11460608,413696,True
b20d9142e4bdbf57b3ec8bf9f9c4472372ec8db4,2.9.1+rocm7.2.1.gitff65f5bc,7.2.53211-e1a6bc5663,1,,lenet_classic,256,stage3b-a1-obs-oh0-v1,stage3b-a1-obs-ni0-first-forward-io-v1,cpu:joint_vjp:s0:b5,cpu,joint_vjp,0,5,off_then_on,59dbcfa41a9c35cc8b72e75288aaa505459499d8,research/stage3b-a1-obs-oh0-observer-overhead,torch2pc-layerwise-thesis:0.1.0,cpu,torch.float64,909840384,1002274816,962445312,1002164224,909889536,1013080064,973115392,1013039104,92434432,103190528,,,,,,,,,,,,,,,,,11046912,12,"{""layer_input"": 6561792, ""layer_output"": 4485120}","{""0"": 4505600, ""1"": 3227648, ""2"": 1638400, ""3"": 1064960, ""4"": 417792, ""5"": 192512}",10756096,-290816,True
b20d9142e4bdbf57b3ec8bf9f9c4472372ec8db4,2.9.1+rocm7.2.1.gitff65f5bc,7.2.53211-e1a6bc5663,1,,lenet_classic,256,stage3b-a1-obs-oh0-v1,stage3b-a1-obs-ni0-first-forward-io-v1,cpu:fixedpred:s0:b6,cpu,fixedpred,0,6,off_then_on,59dbcfa41a9c35cc8b72e75288aaa505459499d8,research/stage3b-a1-obs-oh0-observer-overhead,torch2pc-layerwise-thesis:0.1.0,cpu,torch.float64,899559424,1043009536,940163072,1042968576,901365760,1044221952,1002287104,1044131840,143450112,142856192,,,,,,,,,,,,,,,,,11046912,12,"{""layer_input"": 6561792, ""layer_output"": 4485120}","{""0"": 4505600, ""1"": 3227648, ""2"": 1638400, ""3"": 1064960, ""4"": 417792, ""5"": 192512}",-593920,-11640832,True
b20d9142e4bdbf57b3ec8bf9f9c4472372ec8db4,2.9.1+rocm7.2.1.gitff65f5bc,7.2.53211-e1a6bc5663,1,,lenet_classic,256,stage3b-a1-obs-oh0-v1,stage3b-a1-obs-ni0-first-forward-io-v1,cpu:joint_vjp:s0:b6,cpu,joint_vjp,0,6,on_then_off,59dbcfa41a9c35cc8b72e75288aaa505459499d8,research/stage3b-a1-obs-oh0-observer-overhead,torch2pc-layerwise-thesis:0.1.0,cpu,torch.float64,897585152,990199808,950353920,990093312,905334784,1008312320,968343552,1008205824,92614656,102977536,,,,,,,,,,,,,,,,,11046912,12,"{""layer_input"": 6561792, ""layer_output"": 4485120}","{""0"": 4505600, ""1"": 3227648, ""2"": 1638400, ""3"": 1064960, ""4"": 417792, ""5"": 192512}",10362880,-684032,True
b20d9142e4bdbf57b3ec8bf9f9c4472372ec8db4,2.9.1+rocm7.2.1.gitff65f5bc,7.2.53211-e1a6bc5663,1,,lenet_classic,256,stage3b-a1-obs-oh0-v1,stage3b-a1-obs-ni0-first-forward-io-v1,cpu:fixedpred:s0:b7,cpu,fixedpred,0,7,on_then_off,59dbcfa41a9c35cc8b72e75288aaa505459499d8,research/stage3b-a1-obs-oh0-observer-overhead,torch2pc-layerwise-thesis:0.1.0,cpu,torch.float64,905564160,1035337728,994471936,1035296768,898387968,1037709312,994643968,1037619200,129773568,139321344,,,,,,,,,,,,,,,,,11046912,12,"{""layer_input"": 6561792, ""layer_output"": 4485120}","{""0"": 4505600, ""1"": 3227648, ""2"": 1638400, ""3"": 1064960, ""4"": 417792, ""5"": 192512}",9547776,-1499136,True
b20d9142e4bdbf57b3ec8bf9f9c4472372ec8db4,2.9.1+rocm7.2.1.gitff65f5bc,7.2.53211-e1a6bc5663,1,,lenet_classic,256,stage3b-a1-obs-oh0-v1,stage3b-a1-obs-ni0-first-forward-io-v1,cpu:joint_vjp:s0:b7,cpu,joint_vjp,0,7,off_then_on,59dbcfa41a9c35cc8b72e75288aaa505459499d8,research/stage3b-a1-obs-oh0-observer-overhead,torch2pc-layerwise-thesis:0.1.0,cpu,torch.float64,909492224,1001975808,962146304,1001816064,898093056,1001041920,961052672,1001000960,92483584,102948864,,,,,,,,,,,,,,,,,11046912,12,"{""layer_input"": 6561792, ""layer_output"": 4485120}","{""0"": 4505600, ""1"": 3227648, ""2"": 1638400, ""3"": 1064960, ""4"": 417792, ""5"": 192512}",10465280,-581632,True
b20d9142e4bdbf57b3ec8bf9f9c4472372ec8db4,2.9.1+rocm7.2.1.gitff65f5bc,7.2.53211-e1a6bc5663,1,,lenet_classic,256,stage3b-a1-obs-oh0-v1,stage3b-a1-obs-ni0-first-forward-io-v1,cpu:fixedpred:s0:b8,cpu,fixedpred,0,8,off_then_on,59dbcfa41a9c35cc8b72e75288aaa505459499d8,research/stage3b-a1-obs-oh0-observer-overhead,torch2pc-layerwise-thesis:0.1.0,cpu,torch.float64,905527296,1038331904,996818944,1038290944,901718016,1056260096,1006493696,1056202752,132804608,154542080,,,,,,,,,,,,,,,,,11046912,12,"{""layer_input"": 6561792, ""layer_output"": 4485120}","{""0"": 4505600, ""1"": 3227648, ""2"": 1638400, ""3"": 1064960, ""4"": 417792, ""5"": 192512}",21737472,10690560,True
b20d9142e4bdbf57b3ec8bf9f9c4472372ec8db4,2.9.1+rocm7.2.1.gitff65f5bc,7.2.53211-e1a6bc5663,1,,lenet_classic,256,stage3b-a1-obs-oh0-v1,stage3b-a1-obs-ni0-first-forward-io-v1,cpu:joint_vjp:s0:b8,cpu,joint_vjp,0,8,on_then_off,59dbcfa41a9c35cc8b72e75288aaa505459499d8,research/stage3b-a1-obs-oh0-observer-overhead,torch2pc-layerwise-thesis:0.1.0,cpu,torch.float64,922050560,1015365632,975609856,1015259136,909815808,1013473280,973508608,1013432320,93315072,103657472,,,,,,,,,,,,,,,,,11046912,12,"{""layer_input"": 6561792, ""layer_output"": 4485120}","{""0"": 4505600, ""1"": 3227648, ""2"": 1638400, ""3"": 1064960, ""4"": 417792, ""5"": 192512}",10342400,-704512,True
b20d9142e4bdbf57b3ec8bf9f9c4472372ec8db4,2.9.1+rocm7.2.1.gitff65f5bc,7.2.53211-e1a6bc5663,1,,lenet_classic,256,stage3b-a1-obs-oh0-v1,stage3b-a1-obs-ni0-first-forward-io-v1,cpu:fixedpred:s0:b9,cpu,fixedpred,0,9,on_then_off,59dbcfa41a9c35cc8b72e75288aaa505459499d8,research/stage3b-a1-obs-oh0-observer-overhead,torch2pc-layerwise-thesis:0.1.0,cpu,torch.float64,898080768,1029988352,987410432,1029832704,923033600,1064386560,1022033920,1064230912,131907584,141352960,,,,,,,,,,,,,,,,,11046912,12,"{""layer_input"": 6561792, ""layer_output"": 4485120}","{""0"": 4505600, ""1"": 3227648, ""2"": 1638400, ""3"": 1064960, ""4"": 417792, ""5"": 192512}",9445376,-1601536,True
b20d9142e4bdbf57b3ec8bf9f9c4472372ec8db4,2.9.1+rocm7.2.1.gitff65f5bc,7.2.53211-e1a6bc5663,1,,lenet_classic,256,stage3b-a1-obs-oh0-v1,stage3b-a1-obs-ni0-first-forward-io-v1,cpu:joint_vjp:s0:b9,cpu,joint_vjp,0,9,off_then_on,59dbcfa41a9c35cc8b72e75288aaa505459499d8,research/stage3b-a1-obs-oh0-observer-overhead,torch2pc-layerwise-thesis:0.1.0,cpu,torch.float64,928120832,1021702144,981950464,1021595648,909844480,1013014528,973127680,1012854784,93581312,103170048,,,,,,,,,,,,,,,,,11046912,12,"{""layer_input"": 6561792, ""layer_output"": 4485120}","{""0"": 4505600, ""1"": 3227648, ""2"": 1638400, ""3"": 1064960, ""4"": 417792, ""5"": 192512}",9588736,-1458176,True
b20d9142e4bdbf57b3ec8bf9f9c4472372ec8db4,2.9.1+rocm7.2.1.gitff65f5bc,7.2.53211-e1a6bc5663,1,,lenet_classic,256,stage3b-a1-obs-oh0-v1,stage3b-a1-obs-ni0-first-forward-io-v1,cpu:fixedpred:s1:b0,cpu,fixedpred,1,0,on_then_off,59dbcfa41a9c35cc8b72e75288aaa505459499d8,research/stage3b-a1-obs-oh0-observer-overhead,torch2pc-layerwise-thesis:0.1.0,cpu,torch.float64,909565952,1040920576,999931904,1040879616,909570048,1048641536,1008177152,1048551424,131354624,139071488,,,,,,,,,,,,,,,,,11046912,12,"{""layer_input"": 6561792, ""layer_output"": 4485120}","{""0"": 4505600, ""1"": 3227648, ""2"": 1638400, ""3"": 1064960, ""4"": 417792, ""5"": 192512}",7716864,-3330048,True
b20d9142e4bdbf57b3ec8bf9f9c4472372ec8db4,2.9.1+rocm7.2.1.gitff65f5bc,7.2.53211-e1a6bc5663,1,,lenet_classic,256,stage3b-a1-obs-oh0-v1,stage3b-a1-obs-ni0-first-forward-io-v1,cpu:joint_vjp:s1:b0,cpu,joint_vjp,1,0,off_then_on,59dbcfa41a9c35cc8b72e75288aaa505459499d8,research/stage3b-a1-obs-oh0-observer-overhead,torch2pc-layerwise-thesis:0.1.0,cpu,torch.float64,921927680,1015189504,975433728,1015083008,905420800,1008402432,968433664,1008295936,93261824,102981632,,,,,,,,,,,,,,,,,11046912,12,"{""layer_input"": 6561792, ""layer_output"": 4485120}","{""0"": 4505600, ""1"": 3227648, ""2"": 1638400, ""3"": 1064960, ""4"": 417792, ""5"": 192512}",9719808,-1327104,True
b20d9142e4bdbf57b3ec8bf9f9c4472372ec8db4,2.9.1+rocm7.2.1.gitff65f5bc,7.2.53211-e1a6bc5663,1,,lenet_classic,256,stage3b-a1-obs-oh0-v1,stage3b-a1-obs-ni0-first-forward-io-v1,cpu:fixedpred:s1:b1,cpu,fixedpred,1,1,off_then_on,59dbcfa41a9c35cc8b72e75288aaa505459499d8,research/stage3b-a1-obs-oh0-observer-overhead,torch2pc-layerwise-thesis:0.1.0,cpu,torch.float64,922447872,1053306880,1012641792,1053151232,927830016,1071984640,1026342912,1071878144,130859008,144154624,,,,,,,,,,,,,,,,,11046912,12,"{""layer_input"": 6561792, ""layer_output"": 4485120}","{""0"": 4505600, ""1"": 3227648, ""2"": 1638400, ""3"": 1064960, ""4"": 417792, ""5"": 192512}",13295616,2248704,True
b20d9142e4bdbf57b3ec8bf9f9c4472372ec8db4,2.9.1+rocm7.2.1.gitff65f5bc,7.2.53211-e1a6bc5663,1,,lenet_classic,256,stage3b-a1-obs-oh0-v1,stage3b-a1-obs-ni0-first-forward-io-v1,cpu:joint_vjp:s1:b1,cpu,joint_vjp,1,1,on_then_off,59dbcfa41a9c35cc8b72e75288aaa505459499d8,research/stage3b-a1-obs-oh0-observer-overhead,torch2pc-layerwise-thesis:0.1.0,cpu,torch.float64,901156864,993775616,953937920,993669120,910118912,1013313536,973348864,1013272576,92618752,103194624,,,,,,,,,,,,,,,,,11046912,12,"{""layer_input"": 6561792, ""layer_output"": 4485120}","{""0"": 4505600, ""1"": 3227648, ""2"": 1638400, ""3"": 1064960, ""4"": 417792, ""5"": 192512}",10575872,-471040,True
b20d9142e4bdbf57b3ec8bf9f9c4472372ec8db4,2.9.1+rocm7.2.1.gitff65f5bc,7.2.53211-e1a6bc5663,1,,lenet_classic,256,stage3b-a1-obs-oh0-v1,stage3b-a1-obs-ni0-first-forward-io-v1,cpu:fixedpred:s1:b2,cpu,fixedpred,1,2,on_then_off,59dbcfa41a9c35cc8b72e75288aaa505459499d8,research/stage3b-a1-obs-oh0-observer-overhead,torch2pc-layerwise-thesis:0.1.0,cpu,torch.float64,909897728,1043533824,996761600,1043443712,905457664,1060130816,1010360320,1059958784,133636096,154673152,,,,,,,,,,,,,,,,,11046912,12,"{""layer_input"": 6561792, ""layer_output"": 4485120}","{""0"": 4505600, ""1"": 3227648, ""2"": 1638400, ""3"": 1064960, ""4"": 417792, ""5"": 192512}",21037056,9990144,True
b20d9142e4bdbf57b3ec8bf9f9c4472372ec8db4,2.9.1+rocm7.2.1.gitff65f5bc,7.2.53211-e1a6bc5663,1,,lenet_classic,256,stage3b-a1-obs-oh0-v1,stage3b-a1-obs-ni0-first-forward-io-v1,cpu:joint_vjp:s1:b2,cpu,joint_vjp,1,2,off_then_on,59dbcfa41a9c35cc8b72e75288aaa505459499d8,research/stage3b-a1-obs-oh0-observer-overhead,torch2pc-layerwise-thesis:0.1.0,cpu,torch.float64,897187840,989532160,949682176,989425664,909664256,1012838400,972951552,1012678656,92344320,103174144,,,,,,,,,,,,,,,,,11046912,12,"{""layer_input"": 6561792, ""layer_output"": 4485120}","{""0"": 4505600, ""1"": 3227648, ""2"": 1638400, ""3"": 1064960, ""4"": 417792, ""5"": 192512}",10829824,-217088,True
b20d9142e4bdbf57b3ec8bf9f9c4472372ec8db4,2.9.1+rocm7.2.1.gitff65f5bc,7.2.53211-e1a6bc5663,1,,lenet_classic,256,stage3b-a1-obs-oh0-v1,stage3b-a1-obs-ni0-first-forward-io-v1,cpu:fixedpred:s1:b3,cpu,fixedpred,1,3,off_then_on,59dbcfa41a9c35cc8b72e75288aaa505459499d8,research/stage3b-a1-obs-oh0-observer-overhead,torch2pc-layerwise-thesis:0.1.0,cpu,torch.float64,897179648,1029341184,981684224,1029185536,901373952,1044140032,994701312,1044099072,132161536,142766080,,,,,,,,,,,,,,,,,11046912,12,"{""layer_input"": 6561792, ""layer_output"": 4485120}","{""0"": 4505600, ""1"": 3227648, ""2"": 1638400, ""3"": 1064960, ""4"": 417792, ""5"": 192512}",10604544,-442368,True
b20d9142e4bdbf57b3ec8bf9f9c4472372ec8db4,2.9.1+rocm7.2.1.gitff65f5bc,7.2.53211-e1a6bc5663,1,,lenet_classic,256,stage3b-a1-obs-oh0-v1,stage3b-a1-obs-ni0-first-forward-io-v1,cpu:joint_vjp:s1:b3,cpu,joint_vjp,1,3,on_then_off,59dbcfa41a9c35cc8b72e75288aaa505459499d8,research/stage3b-a1-obs-oh0-observer-overhead,torch2pc-layerwise-thesis:0.1.0,cpu,torch.float64,897904640,990048256,950202368,989941760,916275200,1019531264,979709952,1019424768,92143616,103256064,,,,,,,,,,,,,,,,,11046912,12,"{""layer_input"": 6561792, ""layer_output"": 4485120}","{""0"": 4505600, ""1"": 3227648, ""2"": 1638400, ""3"": 1064960, ""4"": 417792, ""5"": 192512}",11112448,65536,True
b20d9142e4bdbf57b3ec8bf9f9c4472372ec8db4,2.9.1+rocm7.2.1.gitff65f5bc,7.2.53211-e1a6bc5663,1,,lenet_classic,256,stage3b-a1-obs-oh0-v1,stage3b-a1-obs-ni0-first-forward-io-v1,cpu:fixedpred:s1:b4,cpu,fixedpred,1,4,on_then_off,59dbcfa41a9c35cc8b72e75288aaa505459499d8,research/stage3b-a1-obs-oh0-observer-overhead,torch2pc-layerwise-thesis:0.1.0,cpu,torch.float64,915361792,1046265856,1007398912,1046159360,921743360,1065746432,1020063744,1065656320,130904064,144003072,,,,,,,,,,,,,,,,,11046912,12,"{""layer_input"": 6561792, ""layer_output"": 4485120}","{""0"": 4505600, ""1"": 3227648, ""2"": 1638400, ""3"": 1064960, ""4"": 417792, ""5"": 192512}",13099008,2052096,True
b20d9142e4bdbf57b3ec8bf9f9c4472372ec8db4,2.9.1+rocm7.2.1.gitff65f5bc,7.2.53211-e1a6bc5663,1,,lenet_classic,256,stage3b-a1-obs-oh0-v1,stage3b-a1-obs-ni0-first-forward-io-v1,cpu:joint_vjp:s1:b4,cpu,joint_vjp,1,4,off_then_on,59dbcfa41a9c35cc8b72e75288aaa505459499d8,research/stage3b-a1-obs-oh0-observer-overhead,torch2pc-layerwise-thesis:0.1.0,cpu,torch.float64,896811008,989556736,949706752,989450240,900317184,1003307008,963444736,1003266048,92745728,102989824,,,,,,,,,,,,,,,,,11046912,12,"{""layer_input"": 6561792, ""layer_output"": 4485120}","{""0"": 4505600, ""1"": 3227648, ""2"": 1638400, ""3"": 1064960, ""4"": 417792, ""5"": 192512}",10244096,-802816,True
b20d9142e4bdbf57b3ec8bf9f9c4472372ec8db4,2.9.1+rocm7.2.1.gitff65f5bc,7.2.53211-e1a6bc5663,1,,lenet_classic,256,stage3b-a1-obs-oh0-v1,stage3b-a1-obs-ni0-first-forward-io-v1,cpu:fixedpred:s1:b5,cpu,fixedpred,1,5,off_then_on,59dbcfa41a9c35cc8b72e75288aaa505459499d8,research/stage3b-a1-obs-oh0-observer-overhead,torch2pc-layerwise-thesis:0.1.0,cpu,torch.float64,905256960,1034977280,990711808,1034936320,916111360,1059237888,1016950784,1059131392,129720320,143126528,,,,,,,,,,,,,,,,,11046912,12,"{""layer_input"": 6561792, ""layer_output"": 4485120}","{""0"": 4505600, ""1"": 3227648, ""2"": 1638400, ""3"": 1064960, ""4"": 417792, ""5"": 192512}",13406208,2359296,True
b20d9142e4bdbf57b3ec8bf9f9c4472372ec8db4,2.9.1+rocm7.2.1.gitff65f5bc,7.2.53211-e1a6bc5663,1,,lenet_classic,256,stage3b-a1-obs-oh0-v1,stage3b-a1-obs-ni0-first-forward-io-v1,cpu:joint_vjp:s1:b5,cpu,joint_vjp,1,5,on_then_off,59dbcfa41a9c35cc8b72e75288aaa505459499d8,research/stage3b-a1-obs-oh0-observer-overhead,torch2pc-layerwise-thesis:0.1.0,cpu,torch.float64,905457664,997670912,957837312,997629952,898035712,1001390080,961404928,1001349120,92213248,103354368,,,,,,,,,,,,,,,,,11046912,12,"{""layer_input"": 6561792, ""layer_output"": 4485120}","{""0"": 4505600, ""1"": 3227648, ""2"": 1638400, ""3"": 1064960, ""4"": 417792, ""5"": 192512}",11141120,94208,True
b20d9142e4bdbf57b3ec8bf9f9c4472372ec8db4,2.9.1+rocm7.2.1.gitff65f5bc,7.2.53211-e1a6bc5663,1,,lenet_classic,256,stage3b-a1-obs-oh0-v1,stage3b-a1-obs-ni0-first-forward-io-v1,cpu:fixedpred:s1:b6,cpu,fixedpred,1,6,on_then_off,59dbcfa41a9c35cc8b72e75288aaa505459499d8,research/stage3b-a1-obs-oh0-observer-overhead,torch2pc-layerwise-thesis:0.1.0,cpu,torch.float64,909746176,1053933568,1004146688,1053908992,905363456,1046683648,1005678592,1046577152,144187392,141320192,,,,,,,,,,,,,,,,,11046912,12,"{""layer_input"": 6561792, ""layer_output"": 4485120}","{""0"": 4505600, ""1"": 3227648, ""2"": 1638400, ""3"": 1064960, ""4"": 417792, ""5"": 192512}",-2867200,-13914112,True
b20d9142e4bdbf57b3ec8bf9f9c4472372ec8db4,2.9.1+rocm7.2.1.gitff65f5bc,7.2.53211-e1a6bc5663,1,,lenet_classic,256,stage3b-a1-obs-oh0-v1,stage3b-a1-obs-ni0-first-forward-io-v1,cpu:joint_vjp:s1:b6,cpu,joint_vjp,1,6,off_then_on,59dbcfa41a9c35cc8b72e75288aaa505459499d8,research/stage3b-a1-obs-oh0-observer-overhead,torch2pc-layerwise-thesis:0.1.0,cpu,torch.float64,915394560,1008386048,968617984,1008345088,922042368,1025986560,986165248,1025945600,92991488,103944192,,,,,,,,,,,,,,,,,11046912,12,"{""layer_input"": 6561792, ""layer_output"": 4485120}","{""0"": 4505600, ""1"": 3227648, ""2"": 1638400, ""3"": 1064960, ""4"": 417792, ""5"": 192512}",10952704,-94208,True
b20d9142e4bdbf57b3ec8bf9f9c4472372ec8db4,2.9.1+rocm7.2.1.gitff65f5bc,7.2.53211-e1a6bc5663,1,,lenet_classic,256,stage3b-a1-obs-oh0-v1,stage3b-a1-obs-ni0-first-forward-io-v1,cpu:fixedpred:s1:b7,cpu,fixedpred,1,7,off_then_on,59dbcfa41a9c35cc8b72e75288aaa505459499d8,research/stage3b-a1-obs-oh0-observer-overhead,torch2pc-layerwise-thesis:0.1.0,cpu,torch.float64,898088960,1028714496,988950528,1028624384,915972096,1066115072,1016393728,1065984000,130625536,150142976,,,,,,,,,,,,,,,,,11046912,12,"{""layer_input"": 6561792, ""layer_output"": 4485120}","{""0"": 4505600, ""1"": 3227648, ""2"": 1638400, ""3"": 1064960, ""4"": 417792, ""5"": 192512}",19517440,8470528,True
b20d9142e4bdbf57b3ec8bf9f9c4472372ec8db4,2.9.1+rocm7.2.1.gitff65f5bc,7.2.53211-e1a6bc5663,1,,lenet_classic,256,stage3b-a1-obs-oh0-v1,stage3b-a1-obs-ni0-first-forward-io-v1,cpu:joint_vjp:s1:b7,cpu,joint_vjp,1,7,on_then_off,59dbcfa41a9c35cc8b72e75288aaa505459499d8,research/stage3b-a1-obs-oh0-observer-overhead,torch2pc-layerwise-thesis:0.1.0,cpu,torch.float64,898064384,990314496,950394880,990171136,915894272,1019392000,979570688,1019232256,92250112,103497728,,,,,,,,,,,,,,,,,11046912,12,"{""layer_input"": 6561792, ""layer_output"": 4485120}","{""0"": 4505600, ""1"": 3227648, ""2"": 1638400, ""3"": 1064960, ""4"": 417792, ""5"": 192512}",11247616,200704,True
b20d9142e4bdbf57b3ec8bf9f9c4472372ec8db4,2.9.1+rocm7.2.1.gitff65f5bc,7.2.53211-e1a6bc5663,1,,lenet_classic,256,stage3b-a1-obs-oh0-v1,stage3b-a1-obs-ni0-first-forward-io-v1,cpu:fixedpred:s1:b8,cpu,fixedpred,1,8,on_then_off,59dbcfa41a9c35cc8b72e75288aaa505459499d8,research/stage3b-a1-obs-oh0-observer-overhead,torch2pc-layerwise-thesis:0.1.0,cpu,torch.float64,909774848,1041960960,999219200,1041870848,897503232,1040613376,994947072,1040457728,132186112,143110144,,,,,,,,,,,,,,,,,11046912,12,"{""layer_input"": 6561792, ""layer_output"": 4485120}","{""0"": 4505600, ""1"": 3227648, ""2"": 1638400, ""3"": 1064960, ""4"": 417792, ""5"": 192512}",10924032,-122880,True
b20d9142e4bdbf57b3ec8bf9f9c4472372ec8db4,2.9.1+rocm7.2.1.gitff65f5bc,7.2.53211-e1a6bc5663,1,,lenet_classic,256,stage3b-a1-obs-oh0-v1,stage3b-a1-obs-ni0-first-forward-io-v1,cpu:joint_vjp:s1:b8,cpu,joint_vjp,1,8,off_then_on,59dbcfa41a9c35cc8b72e75288aaa505459499d8,research/stage3b-a1-obs-oh0-observer-overhead,torch2pc-layerwise-thesis:0.1.0,cpu,torch.float64,922238976,1015468032,975773696,1015427072,916013056,1019269120,979447808,1019162624,93229056,103256064,,,,,,,,,,,,,,,,,11046912,12,"{""layer_input"": 6561792, ""layer_output"": 4485120}","{""0"": 4505600, ""1"": 3227648, ""2"": 1638400, ""3"": 1064960, ""4"": 417792, ""5"": 192512}",10027008,-1019904,True
b20d9142e4bdbf57b3ec8bf9f9c4472372ec8db4,2.9.1+rocm7.2.1.gitff65f5bc,7.2.53211-e1a6bc5663,1,,lenet_classic,256,stage3b-a1-obs-oh0-v1,stage3b-a1-obs-ni0-first-forward-io-v1,cpu:fixedpred:s1:b9,cpu,fixedpred,1,9,off_then_on,59dbcfa41a9c35cc8b72e75288aaa505459499d8,research/stage3b-a1-obs-oh0-observer-overhead,torch2pc-layerwise-thesis:0.1.0,cpu,torch.float64,916525056,1049137152,1004978176,1048973312,902844416,1043603456,1002913792,1043496960,132612096,140759040,,,,,,,,,,,,,,,,,11046912,12,"{""layer_input"": 6561792, ""layer_output"": 4485120}","{""0"": 4505600, ""1"": 3227648, ""2"": 1638400, ""3"": 1064960, ""4"": 417792, ""5"": 192512}",8146944,-2899968,True
b20d9142e4bdbf57b3ec8bf9f9c4472372ec8db4,2.9.1+rocm7.2.1.gitff65f5bc,7.2.53211-e1a6bc5663,1,,lenet_classic,256,stage3b-a1-obs-oh0-v1,stage3b-a1-obs-ni0-first-forward-io-v1,cpu:joint_vjp:s1:b9,cpu,joint_vjp,1,9,on_then_off,59dbcfa41a9c35cc8b72e75288aaa505459499d8,research/stage3b-a1-obs-oh0-observer-overhead,torch2pc-layerwise-thesis:0.1.0,cpu,torch.float64,902860800,995540992,955744256,995389440,897880064,1001267200,961277952,1001226240,92680192,103387136,,,,,,,,,,,,,,,,,11046912,12,"{""layer_input"": 6561792, ""layer_output"": 4485120}","{""0"": 4505600, ""1"": 3227648, ""2"": 1638400, ""3"": 1064960, ""4"": 417792, ""5"": 192512}",10706944,-339968,True
b20d9142e4bdbf57b3ec8bf9f9c4472372ec8db4,2.9.1+rocm7.2.1.gitff65f5bc,7.2.53211-e1a6bc5663,1,,lenet_classic,256,stage3b-a1-obs-oh0-v1,stage3b-a1-obs-ni0-first-forward-io-v1,cpu:fixedpred:s2:b0,cpu,fixedpred,2,0,off_then_on,59dbcfa41a9c35cc8b72e75288aaa505459499d8,research/stage3b-a1-obs-oh0-observer-overhead,torch2pc-layerwise-thesis:0.1.0,cpu,torch.float64,897200128,1028550656,987152384,1028444160,909570048,1050218496,1011810304,1050177536,131350528,140648448,,,,,,,,,,,,,,,,,11046912,12,"{""layer_input"": 6561792, ""layer_output"": 4485120}","{""0"": 4505600, ""1"": 3227648, ""2"": 1638400, ""3"": 1064960, ""4"": 417792, ""5"": 192512}",9297920,-1748992,True
b20d9142e4bdbf57b3ec8bf9f9c4472372ec8db4,2.9.1+rocm7.2.1.gitff65f5bc,7.2.53211-e1a6bc5663,1,,lenet_classic,256,stage3b-a1-obs-oh0-v1,stage3b-a1-obs-ni0-first-forward-io-v1,cpu:joint_vjp:s2:b0,cpu,joint_vjp,2,0,on_then_off,59dbcfa41a9c35cc8b72e75288aaa505459499d8,research/stage3b-a1-obs-oh0-observer-overhead,torch2pc-layerwise-thesis:0.1.0,cpu,torch.float64,897695744,990396416,950476800,990248960,905256960,1008873472,968904704,1008766976,92700672,103616512,,,,,,,,,,,,,,,,,11046912,12,"{""layer_input"": 6561792, ""layer_output"": 4485120}","{""0"": 4505600, ""1"": 3227648, ""2"": 1638400, ""3"": 1064960, ""4"": 417792, ""5"": 192512}",10915840,-131072,True
b20d9142e4bdbf57b3ec8bf9f9c4472372ec8db4,2.9.1+rocm7.2.1.gitff65f5bc,7.2.53211-e1a6bc5663,1,,lenet_classic,256,stage3b-a1-obs-oh0-v1,stage3b-a1-obs-ni0-first-forward-io-v1,cpu:fixedpred:s2:b1,cpu,fixedpred,2,1,on_then_off,59dbcfa41a9c35cc8b72e75288aaa505459499d8,research/stage3b-a1-obs-oh0-observer-overhead,torch2pc-layerwise-thesis:0.1.0,cpu,torch.float64,928137216,1059487744,1014632448,1059446784,922615808,1067700224,1024065536,1067593728,131350528,145084416,,,,,,,,,,,,,,,,,11046912,12,"{""layer_input"": 6561792, ""layer_output"": 4485120}","{""0"": 4505600, ""1"": 3227648, ""2"": 1638400, ""3"": 1064960, ""4"": 417792, ""5"": 192512}",13733888,2686976,True
b20d9142e4bdbf57b3ec8bf9f9c4472372ec8db4,2.9.1+rocm7.2.1.gitff65f5bc,7.2.53211-e1a6bc5663,1,,lenet_classic,256,stage3b-a1-obs-oh0-v1,stage3b-a1-obs-ni0-first-forward-io-v1,cpu:joint_vjp:s2:b1,cpu,joint_vjp,2,1,off_then_on,59dbcfa41a9c35cc8b72e75288aaa505459499d8,research/stage3b-a1-obs-oh0-observer-overhead,torch2pc-layerwise-thesis:0.1.0,cpu,torch.float64,902463488,995422208,955625472,995270656,916107264,1019367424,979546112,1019260928,92958720,103260160,,,,,,,,,,,,,,,,,11046912,12,"{""layer_input"": 6561792, ""layer_output"": 4485120}","{""0"": 4505600, ""1"": 3227648, ""2"": 1638400, ""3"": 1064960, ""4"": 417792, ""5"": 192512}",10301440,-745472,True
b20d9142e4bdbf57b3ec8bf9f9c4472372ec8db4,2.9.1+rocm7.2.1.gitff65f5bc,7.2.53211-e1a6bc5663,1,,lenet_classic,256,stage3b-a1-obs-oh0-v1,stage3b-a1-obs-ni0-first-forward-io-v1,cpu:fixedpred:s2:b2,cpu,fixedpred,2,2,off_then_on,59dbcfa41a9c35cc8b72e75288aaa505459499d8,research/stage3b-a1-obs-oh0-observer-overhead,torch2pc-layerwise-thesis:0.1.0,cpu,torch.float64,898949120,1031303168,987201536,1031262208,915546112,1058873344,1015574528,1058709504,132354048,143327232,,,,,,,,,,,,,,,,,11046912,12,"{""layer_input"": 6561792, ""layer_output"": 4485120}","{""0"": 4505600, ""1"": 3227648, ""2"": 1638400, ""3"": 1064960, ""4"": 417792, ""5"": 192512}",10973184,-73728,True
b20d9142e4bdbf57b3ec8bf9f9c4472372ec8db4,2.9.1+rocm7.2.1.gitff65f5bc,7.2.53211-e1a6bc5663,1,,lenet_classic,256,stage3b-a1-obs-oh0-v1,stage3b-a1-obs-ni0-first-forward-io-v1,cpu:joint_vjp:s2:b2,cpu,joint_vjp,2,2,on_then_off,59dbcfa41a9c35cc8b72e75288aaa505459499d8,research/stage3b-a1-obs-oh0-observer-overhead,torch2pc-layerwise-thesis:0.1.0,cpu,torch.float64,928194560,1021759488,982007808,1021652992,900030464,1002905600,962928640,1002799104,93564928,102875136,,,,,,,,,,,,,,,,,11046912,12,"{""layer_input"": 6561792, ""layer_output"": 4485120}","{""0"": 4505600, ""1"": 3227648, ""2"": 1638400, ""3"": 1064960, ""4"": 417792, ""5"": 192512}",9310208,-1736704,True
b20d9142e4bdbf57b3ec8bf9f9c4472372ec8db4,2.9.1+rocm7.2.1.gitff65f5bc,7.2.53211-e1a6bc5663,1,,lenet_classic,256,stage3b-a1-obs-oh0-v1,stage3b-a1-obs-ni0-first-forward-io-v1,cpu:fixedpred:s2:b3,cpu,fixedpred,2,3,on_then_off,59dbcfa41a9c35cc8b72e75288aaa505459499d8,research/stage3b-a1-obs-oh0-observer-overhead,torch2pc-layerwise-thesis:0.1.0,cpu,torch.float64,899895296,1029201920,988254208,1029160960,899284992,1051045888,1001299968,1051021312,129306624,151760896,,,,,,,,,,,,,,,,,11046912,12,"{""layer_input"": 6561792, ""layer_output"": 4485120}","{""0"": 4505600, ""1"": 3227648, ""2"": 1638400, ""3"": 1064960, ""4"": 417792, ""5"": 192512}",22454272,11407360,True
b20d9142e4bdbf57b3ec8bf9f9c4472372ec8db4,2.9.1+rocm7.2.1.gitff65f5bc,7.2.53211-e1a6bc5663,1,,lenet_classic,256,stage3b-a1-obs-oh0-v1,stage3b-a1-obs-ni0-first-forward-io-v1,cpu:joint_vjp:s2:b3,cpu,joint_vjp,2,3,off_then_on,59dbcfa41a9c35cc8b72e75288aaa505459499d8,research/stage3b-a1-obs-oh0-observer-overhead,torch2pc-layerwise-thesis:0.1.0,cpu,torch.float64,915345408,1008406528,968638464,1008365568,899883008,1002872832,963010560,1002831872,93061120,102989824,,,,,,,,,,,,,,,,,11046912,12,"{""layer_input"": 6561792, ""layer_output"": 4485120}","{""0"": 4505600, ""1"": 3227648, ""2"": 1638400, ""3"": 1064960, ""4"": 417792, ""5"": 192512}",9928704,-1118208,True
b20d9142e4bdbf57b3ec8bf9f9c4472372ec8db4,2.9.1+rocm7.2.1.gitff65f5bc,7.2.53211-e1a6bc5663,1,,lenet_classic,256,stage3b-a1-obs-oh0-v1,stage3b-a1-obs-ni0-first-forward-io-v1,cpu:fixedpred:s2:b4,cpu,fixedpred,2,4,off_then_on,59dbcfa41a9c35cc8b72e75288aaa505459499d8,research/stage3b-a1-obs-oh0-observer-overhead,torch2pc-layerwise-thesis:0.1.0,cpu,torch.float64,899178496,1031753728,987959296,1031663616,915968000,1059692544,1018695680,1059536896,132575232,143724544,,,,,,,,,,,,,,,,,11046912,12,"{""layer_input"": 6561792, ""layer_output"": 4485120}","{""0"": 4505600, ""1"": 3227648, ""2"": 1638400, ""3"": 1064960, ""4"": 417792, ""5"": 192512}",11149312,102400,True
b20d9142e4bdbf57b3ec8bf9f9c4472372ec8db4,2.9.1+rocm7.2.1.gitff65f5bc,7.2.53211-e1a6bc5663,1,,lenet_classic,256,stage3b-a1-obs-oh0-v1,stage3b-a1-obs-ni0-first-forward-io-v1,cpu:joint_vjp:s2:b4,cpu,joint_vjp,2,4,on_then_off,59dbcfa41a9c35cc8b72e75288aaa505459499d8,research/stage3b-a1-obs-oh0-observer-overhead,torch2pc-layerwise-thesis:0.1.0,cpu,torch.float64,915628032,1008222208,968454144,1008181248,897167360,1000271872,960286720,1000230912,92594176,103104512,,,,,,,,,,,,,,,,,11046912,12,"{""layer_input"": 6561792, ""layer_output"": 4485120}","{""0"": 4505600, ""1"": 3227648, ""2"": 1638400, ""3"": 1064960, ""4"": 417792, ""5"": 192512}",10510336,-536576,True
b20d9142e4bdbf57b3ec8bf9f9c4472372ec8db4,2.9.1+rocm7.2.1.gitff65f5bc,7.2.53211-e1a6bc5663,1,,lenet_classic,256,stage3b-a1-obs-oh0-v1,stage3b-a1-obs-ni0-first-forward-io-v1,cpu:fixedpred:s2:b5,cpu,fixedpred,2,5,on_then_off,59dbcfa41a9c35cc8b72e75288aaa505459499d8,research/stage3b-a1-obs-oh0-observer-overhead,torch2pc-layerwise-thesis:0.1.0,cpu,torch.float64,916094976,1061666816,956477440,1061494784,915664896,1058930688,1016688640,1058775040,145571840,143265792,,,,,,,,,,,,,,,,,11046912,12,"{""layer_input"": 6561792, ""layer_output"": 4485120}","{""0"": 4505600, ""1"": 3227648, ""2"": 1638400, ""3"": 1064960, ""4"": 417792, ""5"": 192512}",-2306048,-13352960,True
b20d9142e4bdbf57b3ec8bf9f9c4472372ec8db4,2.9.1+rocm7.2.1.gitff65f5bc,7.2.53211-e1a6bc5663,1,,lenet_classic,256,stage3b-a1-obs-oh0-v1,stage3b-a1-obs-ni0-first-forward-io-v1,cpu:joint_vjp:s2:b5,cpu,joint_vjp,2,5,off_then_on,59dbcfa41a9c35cc8b72e75288aaa505459499d8,research/stage3b-a1-obs-oh0-observer-overhead,torch2pc-layerwise-thesis:0.1.0,cpu,torch.float64,927686656,1021263872,981512192,1021157376,927711232,1032454144,992632832,1032347648,93577216,104742912,,,,,,,,,,,,,,,,,11046912,12,"{""layer_input"": 6561792, ""layer_output"": 4485120}","{""0"": 4505600, ""1"": 3227648, ""2"": 1638400, ""3"": 1064960, ""4"": 417792, ""5"": 192512}",11165696,118784,True
b20d9142e4bdbf57b3ec8bf9f9c4472372ec8db4,2.9.1+rocm7.2.1.gitff65f5bc,7.2.53211-e1a6bc5663,1,,lenet_classic,256,stage3b-a1-obs-oh0-v1,stage3b-a1-obs-ni0-first-forward-io-v1,cpu:fixedpred:s2:b6,cpu,fixedpred,2,6,off_then_on,59dbcfa41a9c35cc8b72e75288aaa505459499d8,research/stage3b-a1-obs-oh0-observer-overhead,torch2pc-layerwise-thesis:0.1.0,cpu,torch.float64,915267584,1044508672,1000775680,1044353024,905404416,1045823488,1004883968,1045667840,129241088,140419072,,,,,,,,,,,,,,,,,11046912,12,"{""layer_input"": 6561792, ""layer_output"": 4485120}","{""0"": 4505600, ""1"": 3227648, ""2"": 1638400, ""3"": 1064960, ""4"": 417792, ""5"": 192512}",11177984,131072,True
b20d9142e4bdbf57b3ec8bf9f9c4472372ec8db4,2.9.1+rocm7.2.1.gitff65f5bc,7.2.53211-e1a6bc5663,1,,lenet_classic,256,stage3b-a1-obs-oh0-v1,stage3b-a1-obs-ni0-first-forward-io-v1,cpu:joint_vjp:s2:b6,cpu,joint_vjp,2,6,on_then_off,59dbcfa41a9c35cc8b72e75288aaa505459499d8,research/stage3b-a1-obs-oh0-observer-overhead,torch2pc-layerwise-thesis:0.1.0,cpu,torch.float64,899813376,992108544,952315904,992067584,915664896,1019416576,979578880,1019310080,92295168,103751680,,,,,,,,,,,,,,,,,11046912,12,"{""layer_input"": 6561792, ""layer_output"": 4485120}","{""0"": 4505600, ""1"": 3227648, ""2"": 1638400, ""3"": 1064960, ""4"": 417792, ""5"": 192512}",11456512,409600,True
b20d9142e4bdbf57b3ec8bf9f9c4472372ec8db4,2.9.1+rocm7.2.1.gitff65f5bc,7.2.53211-e1a6bc5663,1,,lenet_classic,256,stage3b-a1-obs-oh0-v1,stage3b-a1-obs-ni0-first-forward-io-v1,cpu:fixedpred:s2:b7,cpu,fixedpred,2,7,on_then_off,59dbcfa41a9c35cc8b72e75288aaa505459499d8,research/stage3b-a1-obs-oh0-observer-overhead,torch2pc-layerwise-thesis:0.1.0,cpu,torch.float64,916008960,1058082816,1008361472,1057869824,927637504,1070776320,1029312512,1070620672,142073856,143138816,,,,,,,,,,,,,,,,,11046912,12,"{""layer_input"": 6561792, ""layer_output"": 4485120}","{""0"": 4505600, ""1"": 3227648, ""2"": 1638400, ""3"": 1064960, ""4"": 417792, ""5"": 192512}",1064960,-9981952,True
b20d9142e4bdbf57b3ec8bf9f9c4472372ec8db4,2.9.1+rocm7.2.1.gitff65f5bc,7.2.53211-e1a6bc5663,1,,lenet_classic,256,stage3b-a1-obs-oh0-v1,stage3b-a1-obs-ni0-first-forward-io-v1,cpu:joint_vjp:s2:b7,cpu,joint_vjp,2,7,off_then_on,59dbcfa41a9c35cc8b72e75288aaa505459499d8,research/stage3b-a1-obs-oh0-observer-overhead,torch2pc-layerwise-thesis:0.1.0,cpu,torch.float64,909987840,1002418176,962588672,1002311680,910192640,1013387264,973422592,1013346304,92430336,103194624,,,,,,,,,,,,,,,,,11046912,12,"{""layer_input"": 6561792, ""layer_output"": 4485120}","{""0"": 4505600, ""1"": 3227648, ""2"": 1638400, ""3"": 1064960, ""4"": 417792, ""5"": 192512}",10764288,-282624,True
b20d9142e4bdbf57b3ec8bf9f9c4472372ec8db4,2.9.1+rocm7.2.1.gitff65f5bc,7.2.53211-e1a6bc5663,1,,lenet_classic,256,stage3b-a1-obs-oh0-v1,stage3b-a1-obs-ni0-first-forward-io-v1,cpu:fixedpred:s2:b8,cpu,fixedpred,2,8,off_then_on,59dbcfa41a9c35cc8b72e75288aaa505459499d8,research/stage3b-a1-obs-oh0-observer-overhead,torch2pc-layerwise-thesis:0.1.0,cpu,torch.float64,909824000,1041977344,999432192,1041887232,898048000,1039241216,995250176,1039200256,132153344,141193216,,,,,,,,,,,,,,,,,11046912,12,"{""layer_input"": 6561792, ""layer_output"": 4485120}","{""0"": 4505600, ""1"": 3227648, ""2"": 1638400, ""3"": 1064960, ""4"": 417792, ""5"": 192512}",9039872,-2007040,True
b20d9142e4bdbf57b3ec8bf9f9c4472372ec8db4,2.9.1+rocm7.2.1.gitff65f5bc,7.2.53211-e1a6bc5663,1,,lenet_classic,256,stage3b-a1-obs-oh0-v1,stage3b-a1-obs-ni0-first-forward-io-v1,cpu:joint_vjp:s2:b8,cpu,joint_vjp,2,8,on_then_off,59dbcfa41a9c35cc8b72e75288aaa505459499d8,research/stage3b-a1-obs-oh0-observer-overhead,torch2pc-layerwise-thesis:0.1.0,cpu,torch.float64,916434944,1008996352,969236480,1008955392,916291584,1019543552,979722240,1019437056,92561408,103251968,,,,,,,,,,,,,,,,,11046912,12,"{""layer_input"": 6561792, ""layer_output"": 4485120}","{""0"": 4505600, ""1"": 3227648, ""2"": 1638400, ""3"": 1064960, ""4"": 417792, ""5"": 192512}",10690560,-356352,True
b20d9142e4bdbf57b3ec8bf9f9c4472372ec8db4,2.9.1+rocm7.2.1.gitff65f5bc,7.2.53211-e1a6bc5663,1,,lenet_classic,256,stage3b-a1-obs-oh0-v1,stage3b-a1-obs-ni0-first-forward-io-v1,cpu:fixedpred:s2:b9,cpu,fixedpred,2,9,on_then_off,59dbcfa41a9c35cc8b72e75288aaa505459499d8,research/stage3b-a1-obs-oh0-observer-overhead,torch2pc-layerwise-thesis:0.1.0,cpu,torch.float64,927686656,1060102144,1018392576,1060012032,897896448,1038168064,995905536,1038012416,132415488,140271616,,,,,,,,,,,,,,,,,11046912,12,"{""layer_input"": 6561792, ""layer_output"": 4485120}","{""0"": 4505600, ""1"": 3227648, ""2"": 1638400, ""3"": 1064960, ""4"": 417792, ""5"": 192512}",7856128,-3190784,True
b20d9142e4bdbf57b3ec8bf9f9c4472372ec8db4,2.9.1+rocm7.2.1.gitff65f5bc,7.2.53211-e1a6bc5663,1,,lenet_classic,256,stage3b-a1-obs-oh0-v1,stage3b-a1-obs-ni0-first-forward-io-v1,cpu:joint_vjp:s2:b9,cpu,joint_vjp,2,9,off_then_on,59dbcfa41a9c35cc8b72e75288aaa505459499d8,research/stage3b-a1-obs-oh0-observer-overhead,torch2pc-layerwise-thesis:0.1.0,cpu,torch.float64,923058176,1016008704,976314368,1015967744,915861504,1019150336,979312640,1019043840,92950528,103288832,,,,,,,,,,,,,,,,,11046912,12,"{""layer_input"": 6561792, ""layer_output"": 4485120}","{""0"": 4505600, ""1"": 3227648, ""2"": 1638400, ""3"": 1064960, ""4"": 417792, ""5"": 192512}",10338304,-708608,True
