contract_id,implementation_schema_id,source_git_commit,source_git_branch,experiment_image,image_revision,si_ma1_prereg_commit,torch2pc_commit,checkpoint_sha256,config_sha256,split_manifest_sha256,input_sha256,target_sha256,model_seed,batch_id,execution_scope,lane,attempt_id,order,block_index,reference_arm,candidate_arm,step_count,step_pass_count,loss_max_relative_l2,loss_max_abs,belief_max_relative_l2,belief_max_abs,gradient_max_relative_l2,gradient_max_abs,model_state_unchanged,input_target_fingerprint_unchanged,rng_fingerprint_equal,finite,passed
stage3b-si-ma1-v1,stage3b-si-ma1-implementation-v1,55e05efabc223b3473fdea02a5b7ea424a79f759,research/stage3b-si-ma1-confirmatory-execution,torch2pc-layerwise-thesis:0.1.0,55e05efabc223b3473fdea02a5b7ea424a79f759,5b8adfb404b5dd7f1a11d778c0d531e6e2b4c69b,b20d9142e4bdbf57b3ec8bf9f9c4472372ec8db4,27d43c71523b70cae4b9fde1a2b064916165cb09b8087a84e9bf6ecaab10ac8e,440c5bb6203314fd155169cc4a81328d95f4085d0a4bbc4a1375be8190ab5439,7328eeaf1f12792656b1279ba97ca9984d3dca403e04acb211c41aedd8f51339,1715a6b93e9b4dd6a6b133fb69485b207af4e845c6a0499d5428d496a2020f77,f3403ce44b3b510ef2ea305249874e05715a3432447dfde1f4164e05d7b97f31,0,0,confirmatory,rocm,si-ma1-confirmatory-seed-0-350ca0ef5a804c93a914cbd523a21b5f,ABC,0,A,B,50,50,0.0,0.0,0.0,0.0,0.0,0.0,True,True,True,True,True
stage3b-si-ma1-v1,stage3b-si-ma1-implementation-v1,55e05efabc223b3473fdea02a5b7ea424a79f759,research/stage3b-si-ma1-confirmatory-execution,torch2pc-layerwise-thesis:0.1.0,55e05efabc223b3473fdea02a5b7ea424a79f759,5b8adfb404b5dd7f1a11d778c0d531e6e2b4c69b,b20d9142e4bdbf57b3ec8bf9f9c4472372ec8db4,27d43c71523b70cae4b9fde1a2b064916165cb09b8087a84e9bf6ecaab10ac8e,440c5bb6203314fd155169cc4a81328d95f4085d0a4bbc4a1375be8190ab5439,7328eeaf1f12792656b1279ba97ca9984d3dca403e04acb211c41aedd8f51339,1715a6b93e9b4dd6a6b133fb69485b207af4e845c6a0499d5428d496a2020f77,f3403ce44b3b510ef2ea305249874e05715a3432447dfde1f4164e05d7b97f31,0,0,confirmatory,rocm,si-ma1-confirmatory-seed-0-350ca0ef5a804c93a914cbd523a21b5f,ABC,0,A,C,50,50,0.0,0.0,0.0,0.0,0.0,0.0,True,True,True,True,True
stage3b-si-ma1-v1,stage3b-si-ma1-implementation-v1,55e05efabc223b3473fdea02a5b7ea424a79f759,research/stage3b-si-ma1-confirmatory-execution,torch2pc-layerwise-thesis:0.1.0,55e05efabc223b3473fdea02a5b7ea424a79f759,5b8adfb404b5dd7f1a11d778c0d531e6e2b4c69b,b20d9142e4bdbf57b3ec8bf9f9c4472372ec8db4,27d43c71523b70cae4b9fde1a2b064916165cb09b8087a84e9bf6ecaab10ac8e,440c5bb6203314fd155169cc4a81328d95f4085d0a4bbc4a1375be8190ab5439,7328eeaf1f12792656b1279ba97ca9984d3dca403e04acb211c41aedd8f51339,1715a6b93e9b4dd6a6b133fb69485b207af4e845c6a0499d5428d496a2020f77,f3403ce44b3b510ef2ea305249874e05715a3432447dfde1f4164e05d7b97f31,0,0,confirmatory,rocm,si-ma1-confirmatory-seed-0-350ca0ef5a804c93a914cbd523a21b5f,BCA,1,A,B,50,50,0.0,0.0,0.0,0.0,0.0,0.0,True,True,True,True,True
stage3b-si-ma1-v1,stage3b-si-ma1-implementation-v1,55e05efabc223b3473fdea02a5b7ea424a79f759,research/stage3b-si-ma1-confirmatory-execution,torch2pc-layerwise-thesis:0.1.0,55e05efabc223b3473fdea02a5b7ea424a79f759,5b8adfb404b5dd7f1a11d778c0d531e6e2b4c69b,b20d9142e4bdbf57b3ec8bf9f9c4472372ec8db4,27d43c71523b70cae4b9fde1a2b064916165cb09b8087a84e9bf6ecaab10ac8e,440c5bb6203314fd155169cc4a81328d95f4085d0a4bbc4a1375be8190ab5439,7328eeaf1f12792656b1279ba97ca9984d3dca403e04acb211c41aedd8f51339,1715a6b93e9b4dd6a6b133fb69485b207af4e845c6a0499d5428d496a2020f77,f3403ce44b3b510ef2ea305249874e05715a3432447dfde1f4164e05d7b97f31,0,0,confirmatory,rocm,si-ma1-confirmatory-seed-0-350ca0ef5a804c93a914cbd523a21b5f,BCA,1,A,C,50,50,0.0,0.0,0.0,0.0,0.0,0.0,True,True,True,True,True
stage3b-si-ma1-v1,stage3b-si-ma1-implementation-v1,55e05efabc223b3473fdea02a5b7ea424a79f759,research/stage3b-si-ma1-confirmatory-execution,torch2pc-layerwise-thesis:0.1.0,55e05efabc223b3473fdea02a5b7ea424a79f759,5b8adfb404b5dd7f1a11d778c0d531e6e2b4c69b,b20d9142e4bdbf57b3ec8bf9f9c4472372ec8db4,27d43c71523b70cae4b9fde1a2b064916165cb09b8087a84e9bf6ecaab10ac8e,440c5bb6203314fd155169cc4a81328d95f4085d0a4bbc4a1375be8190ab5439,7328eeaf1f12792656b1279ba97ca9984d3dca403e04acb211c41aedd8f51339,1715a6b93e9b4dd6a6b133fb69485b207af4e845c6a0499d5428d496a2020f77,f3403ce44b3b510ef2ea305249874e05715a3432447dfde1f4164e05d7b97f31,0,0,confirmatory,rocm,si-ma1-confirmatory-seed-0-350ca0ef5a804c93a914cbd523a21b5f,CAB,2,A,B,50,50,0.0,0.0,0.0,0.0,0.0,0.0,True,True,True,True,True
stage3b-si-ma1-v1,stage3b-si-ma1-implementation-v1,55e05efabc223b3473fdea02a5b7ea424a79f759,research/stage3b-si-ma1-confirmatory-execution,torch2pc-layerwise-thesis:0.1.0,55e05efabc223b3473fdea02a5b7ea424a79f759,5b8adfb404b5dd7f1a11d778c0d531e6e2b4c69b,b20d9142e4bdbf57b3ec8bf9f9c4472372ec8db4,27d43c71523b70cae4b9fde1a2b064916165cb09b8087a84e9bf6ecaab10ac8e,440c5bb6203314fd155169cc4a81328d95f4085d0a4bbc4a1375be8190ab5439,7328eeaf1f12792656b1279ba97ca9984d3dca403e04acb211c41aedd8f51339,1715a6b93e9b4dd6a6b133fb69485b207af4e845c6a0499d5428d496a2020f77,f3403ce44b3b510ef2ea305249874e05715a3432447dfde1f4164e05d7b97f31,0,0,confirmatory,rocm,si-ma1-confirmatory-seed-0-350ca0ef5a804c93a914cbd523a21b5f,CAB,2,A,C,50,50,0.0,0.0,0.0,0.0,0.0,0.0,True,True,True,True,True
stage3b-si-ma1-v1,stage3b-si-ma1-implementation-v1,55e05efabc223b3473fdea02a5b7ea424a79f759,research/stage3b-si-ma1-confirmatory-execution,torch2pc-layerwise-thesis:0.1.0,55e05efabc223b3473fdea02a5b7ea424a79f759,5b8adfb404b5dd7f1a11d778c0d531e6e2b4c69b,b20d9142e4bdbf57b3ec8bf9f9c4472372ec8db4,27d43c71523b70cae4b9fde1a2b064916165cb09b8087a84e9bf6ecaab10ac8e,440c5bb6203314fd155169cc4a81328d95f4085d0a4bbc4a1375be8190ab5439,7328eeaf1f12792656b1279ba97ca9984d3dca403e04acb211c41aedd8f51339,1715a6b93e9b4dd6a6b133fb69485b207af4e845c6a0499d5428d496a2020f77,f3403ce44b3b510ef2ea305249874e05715a3432447dfde1f4164e05d7b97f31,0,0,confirmatory,rocm,si-ma1-confirmatory-seed-0-350ca0ef5a804c93a914cbd523a21b5f,ACB,3,A,B,50,50,0.0,0.0,0.0,0.0,0.0,0.0,True,True,True,True,True
stage3b-si-ma1-v1,stage3b-si-ma1-implementation-v1,55e05efabc223b3473fdea02a5b7ea424a79f759,research/stage3b-si-ma1-confirmatory-execution,torch2pc-layerwise-thesis:0.1.0,55e05efabc223b3473fdea02a5b7ea424a79f759,5b8adfb404b5dd7f1a11d778c0d531e6e2b4c69b,b20d9142e4bdbf57b3ec8bf9f9c4472372ec8db4,27d43c71523b70cae4b9fde1a2b064916165cb09b8087a84e9bf6ecaab10ac8e,440c5bb6203314fd155169cc4a81328d95f4085d0a4bbc4a1375be8190ab5439,7328eeaf1f12792656b1279ba97ca9984d3dca403e04acb211c41aedd8f51339,1715a6b93e9b4dd6a6b133fb69485b207af4e845c6a0499d5428d496a2020f77,f3403ce44b3b510ef2ea305249874e05715a3432447dfde1f4164e05d7b97f31,0,0,confirmatory,rocm,si-ma1-confirmatory-seed-0-350ca0ef5a804c93a914cbd523a21b5f,ACB,3,A,C,50,50,0.0,0.0,0.0,0.0,0.0,0.0,True,True,True,True,True
stage3b-si-ma1-v1,stage3b-si-ma1-implementation-v1,55e05efabc223b3473fdea02a5b7ea424a79f759,research/stage3b-si-ma1-confirmatory-execution,torch2pc-layerwise-thesis:0.1.0,55e05efabc223b3473fdea02a5b7ea424a79f759,5b8adfb404b5dd7f1a11d778c0d531e6e2b4c69b,b20d9142e4bdbf57b3ec8bf9f9c4472372ec8db4,27d43c71523b70cae4b9fde1a2b064916165cb09b8087a84e9bf6ecaab10ac8e,440c5bb6203314fd155169cc4a81328d95f4085d0a4bbc4a1375be8190ab5439,7328eeaf1f12792656b1279ba97ca9984d3dca403e04acb211c41aedd8f51339,1715a6b93e9b4dd6a6b133fb69485b207af4e845c6a0499d5428d496a2020f77,f3403ce44b3b510ef2ea305249874e05715a3432447dfde1f4164e05d7b97f31,0,0,confirmatory,rocm,si-ma1-confirmatory-seed-0-350ca0ef5a804c93a914cbd523a21b5f,CBA,4,A,B,50,50,0.0,0.0,0.0,0.0,0.0,0.0,True,True,True,True,True
stage3b-si-ma1-v1,stage3b-si-ma1-implementation-v1,55e05efabc223b3473fdea02a5b7ea424a79f759,research/stage3b-si-ma1-confirmatory-execution,torch2pc-layerwise-thesis:0.1.0,55e05efabc223b3473fdea02a5b7ea424a79f759,5b8adfb404b5dd7f1a11d778c0d531e6e2b4c69b,b20d9142e4bdbf57b3ec8bf9f9c4472372ec8db4,27d43c71523b70cae4b9fde1a2b064916165cb09b8087a84e9bf6ecaab10ac8e,440c5bb6203314fd155169cc4a81328d95f4085d0a4bbc4a1375be8190ab5439,7328eeaf1f12792656b1279ba97ca9984d3dca403e04acb211c41aedd8f51339,1715a6b93e9b4dd6a6b133fb69485b207af4e845c6a0499d5428d496a2020f77,f3403ce44b3b510ef2ea305249874e05715a3432447dfde1f4164e05d7b97f31,0,0,confirmatory,rocm,si-ma1-confirmatory-seed-0-350ca0ef5a804c93a914cbd523a21b5f,CBA,4,A,C,50,50,0.0,0.0,0.0,0.0,0.0,0.0,True,True,True,True,True
stage3b-si-ma1-v1,stage3b-si-ma1-implementation-v1,55e05efabc223b3473fdea02a5b7ea424a79f759,research/stage3b-si-ma1-confirmatory-execution,torch2pc-layerwise-thesis:0.1.0,55e05efabc223b3473fdea02a5b7ea424a79f759,5b8adfb404b5dd7f1a11d778c0d531e6e2b4c69b,b20d9142e4bdbf57b3ec8bf9f9c4472372ec8db4,27d43c71523b70cae4b9fde1a2b064916165cb09b8087a84e9bf6ecaab10ac8e,440c5bb6203314fd155169cc4a81328d95f4085d0a4bbc4a1375be8190ab5439,7328eeaf1f12792656b1279ba97ca9984d3dca403e04acb211c41aedd8f51339,1715a6b93e9b4dd6a6b133fb69485b207af4e845c6a0499d5428d496a2020f77,f3403ce44b3b510ef2ea305249874e05715a3432447dfde1f4164e05d7b97f31,0,0,confirmatory,rocm,si-ma1-confirmatory-seed-0-350ca0ef5a804c93a914cbd523a21b5f,BAC,5,A,B,50,50,0.0,0.0,0.0,0.0,0.0,0.0,True,True,True,True,True
stage3b-si-ma1-v1,stage3b-si-ma1-implementation-v1,55e05efabc223b3473fdea02a5b7ea424a79f759,research/stage3b-si-ma1-confirmatory-execution,torch2pc-layerwise-thesis:0.1.0,55e05efabc223b3473fdea02a5b7ea424a79f759,5b8adfb404b5dd7f1a11d778c0d531e6e2b4c69b,b20d9142e4bdbf57b3ec8bf9f9c4472372ec8db4,27d43c71523b70cae4b9fde1a2b064916165cb09b8087a84e9bf6ecaab10ac8e,440c5bb6203314fd155169cc4a81328d95f4085d0a4bbc4a1375be8190ab5439,7328eeaf1f12792656b1279ba97ca9984d3dca403e04acb211c41aedd8f51339,1715a6b93e9b4dd6a6b133fb69485b207af4e845c6a0499d5428d496a2020f77,f3403ce44b3b510ef2ea305249874e05715a3432447dfde1f4164e05d7b97f31,0,0,confirmatory,rocm,si-ma1-confirmatory-seed-0-350ca0ef5a804c93a914cbd523a21b5f,BAC,5,A,C,50,50,0.0,0.0,0.0,0.0,0.0,0.0,True,True,True,True,True
stage3b-si-ma1-v1,stage3b-si-ma1-implementation-v1,55e05efabc223b3473fdea02a5b7ea424a79f759,research/stage3b-si-ma1-confirmatory-execution,torch2pc-layerwise-thesis:0.1.0,55e05efabc223b3473fdea02a5b7ea424a79f759,5b8adfb404b5dd7f1a11d778c0d531e6e2b4c69b,b20d9142e4bdbf57b3ec8bf9f9c4472372ec8db4,27d43c71523b70cae4b9fde1a2b064916165cb09b8087a84e9bf6ecaab10ac8e,440c5bb6203314fd155169cc4a81328d95f4085d0a4bbc4a1375be8190ab5439,648b4cfce7c248a68dda1b2fa45d4a577ce4e9f941e9ea66c72b579be08b8fe6,38f1d509245e478251993b46baa0be83894b8e8d90ab6db0b0fbeae3bc737700,9351adc15bb6934c00d7052e795d2ec5f61d23cefcfa3c3e55ef1cc01d8bd0b5,0,1,confirmatory,rocm,si-ma1-confirmatory-seed-0-350ca0ef5a804c93a914cbd523a21b5f,BCA,0,A,B,50,50,0.0,0.0,0.0,0.0,0.0,0.0,True,True,True,True,True
stage3b-si-ma1-v1,stage3b-si-ma1-implementation-v1,55e05efabc223b3473fdea02a5b7ea424a79f759,research/stage3b-si-ma1-confirmatory-execution,torch2pc-layerwise-thesis:0.1.0,55e05efabc223b3473fdea02a5b7ea424a79f759,5b8adfb404b5dd7f1a11d778c0d531e6e2b4c69b,b20d9142e4bdbf57b3ec8bf9f9c4472372ec8db4,27d43c71523b70cae4b9fde1a2b064916165cb09b8087a84e9bf6ecaab10ac8e,440c5bb6203314fd155169cc4a81328d95f4085d0a4bbc4a1375be8190ab5439,648b4cfce7c248a68dda1b2fa45d4a577ce4e9f941e9ea66c72b579be08b8fe6,38f1d509245e478251993b46baa0be83894b8e8d90ab6db0b0fbeae3bc737700,9351adc15bb6934c00d7052e795d2ec5f61d23cefcfa3c3e55ef1cc01d8bd0b5,0,1,confirmatory,rocm,si-ma1-confirmatory-seed-0-350ca0ef5a804c93a914cbd523a21b5f,BCA,0,A,C,50,50,0.0,0.0,0.0,0.0,0.0,0.0,True,True,True,True,True
stage3b-si-ma1-v1,stage3b-si-ma1-implementation-v1,55e05efabc223b3473fdea02a5b7ea424a79f759,research/stage3b-si-ma1-confirmatory-execution,torch2pc-layerwise-thesis:0.1.0,55e05efabc223b3473fdea02a5b7ea424a79f759,5b8adfb404b5dd7f1a11d778c0d531e6e2b4c69b,b20d9142e4bdbf57b3ec8bf9f9c4472372ec8db4,27d43c71523b70cae4b9fde1a2b064916165cb09b8087a84e9bf6ecaab10ac8e,440c5bb6203314fd155169cc4a81328d95f4085d0a4bbc4a1375be8190ab5439,648b4cfce7c248a68dda1b2fa45d4a577ce4e9f941e9ea66c72b579be08b8fe6,38f1d509245e478251993b46baa0be83894b8e8d90ab6db0b0fbeae3bc737700,9351adc15bb6934c00d7052e795d2ec5f61d23cefcfa3c3e55ef1cc01d8bd0b5,0,1,confirmatory,rocm,si-ma1-confirmatory-seed-0-350ca0ef5a804c93a914cbd523a21b5f,CAB,1,A,B,50,50,0.0,0.0,0.0,0.0,0.0,0.0,True,True,True,True,True
stage3b-si-ma1-v1,stage3b-si-ma1-implementation-v1,55e05efabc223b3473fdea02a5b7ea424a79f759,research/stage3b-si-ma1-confirmatory-execution,torch2pc-layerwise-thesis:0.1.0,55e05efabc223b3473fdea02a5b7ea424a79f759,5b8adfb404b5dd7f1a11d778c0d531e6e2b4c69b,b20d9142e4bdbf57b3ec8bf9f9c4472372ec8db4,27d43c71523b70cae4b9fde1a2b064916165cb09b8087a84e9bf6ecaab10ac8e,440c5bb6203314fd155169cc4a81328d95f4085d0a4bbc4a1375be8190ab5439,648b4cfce7c248a68dda1b2fa45d4a577ce4e9f941e9ea66c72b579be08b8fe6,38f1d509245e478251993b46baa0be83894b8e8d90ab6db0b0fbeae3bc737700,9351adc15bb6934c00d7052e795d2ec5f61d23cefcfa3c3e55ef1cc01d8bd0b5,0,1,confirmatory,rocm,si-ma1-confirmatory-seed-0-350ca0ef5a804c93a914cbd523a21b5f,CAB,1,A,C,50,50,0.0,0.0,0.0,0.0,0.0,0.0,True,True,True,True,True
stage3b-si-ma1-v1,stage3b-si-ma1-implementation-v1,55e05efabc223b3473fdea02a5b7ea424a79f759,research/stage3b-si-ma1-confirmatory-execution,torch2pc-layerwise-thesis:0.1.0,55e05efabc223b3473fdea02a5b7ea424a79f759,5b8adfb404b5dd7f1a11d778c0d531e6e2b4c69b,b20d9142e4bdbf57b3ec8bf9f9c4472372ec8db4,27d43c71523b70cae4b9fde1a2b064916165cb09b8087a84e9bf6ecaab10ac8e,440c5bb6203314fd155169cc4a81328d95f4085d0a4bbc4a1375be8190ab5439,648b4cfce7c248a68dda1b2fa45d4a577ce4e9f941e9ea66c72b579be08b8fe6,38f1d509245e478251993b46baa0be83894b8e8d90ab6db0b0fbeae3bc737700,9351adc15bb6934c00d7052e795d2ec5f61d23cefcfa3c3e55ef1cc01d8bd0b5,0,1,confirmatory,rocm,si-ma1-confirmatory-seed-0-350ca0ef5a804c93a914cbd523a21b5f,ACB,2,A,B,50,50,0.0,0.0,0.0,0.0,0.0,0.0,True,True,True,True,True
stage3b-si-ma1-v1,stage3b-si-ma1-implementation-v1,55e05efabc223b3473fdea02a5b7ea424a79f759,research/stage3b-si-ma1-confirmatory-execution,torch2pc-layerwise-thesis:0.1.0,55e05efabc223b3473fdea02a5b7ea424a79f759,5b8adfb404b5dd7f1a11d778c0d531e6e2b4c69b,b20d9142e4bdbf57b3ec8bf9f9c4472372ec8db4,27d43c71523b70cae4b9fde1a2b064916165cb09b8087a84e9bf6ecaab10ac8e,440c5bb6203314fd155169cc4a81328d95f4085d0a4bbc4a1375be8190ab5439,648b4cfce7c248a68dda1b2fa45d4a577ce4e9f941e9ea66c72b579be08b8fe6,38f1d509245e478251993b46baa0be83894b8e8d90ab6db0b0fbeae3bc737700,9351adc15bb6934c00d7052e795d2ec5f61d23cefcfa3c3e55ef1cc01d8bd0b5,0,1,confirmatory,rocm,si-ma1-confirmatory-seed-0-350ca0ef5a804c93a914cbd523a21b5f,ACB,2,A,C,50,50,0.0,0.0,0.0,0.0,0.0,0.0,True,True,True,True,True
stage3b-si-ma1-v1,stage3b-si-ma1-implementation-v1,55e05efabc223b3473fdea02a5b7ea424a79f759,research/stage3b-si-ma1-confirmatory-execution,torch2pc-layerwise-thesis:0.1.0,55e05efabc223b3473fdea02a5b7ea424a79f759,5b8adfb404b5dd7f1a11d778c0d531e6e2b4c69b,b20d9142e4bdbf57b3ec8bf9f9c4472372ec8db4,27d43c71523b70cae4b9fde1a2b064916165cb09b8087a84e9bf6ecaab10ac8e,440c5bb6203314fd155169cc4a81328d95f4085d0a4bbc4a1375be8190ab5439,648b4cfce7c248a68dda1b2fa45d4a577ce4e9f941e9ea66c72b579be08b8fe6,38f1d509245e478251993b46baa0be83894b8e8d90ab6db0b0fbeae3bc737700,9351adc15bb6934c00d7052e795d2ec5f61d23cefcfa3c3e55ef1cc01d8bd0b5,0,1,confirmatory,rocm,si-ma1-confirmatory-seed-0-350ca0ef5a804c93a914cbd523a21b5f,CBA,3,A,B,50,50,0.0,0.0,0.0,0.0,0.0,0.0,True,True,True,True,True
stage3b-si-ma1-v1,stage3b-si-ma1-implementation-v1,55e05efabc223b3473fdea02a5b7ea424a79f759,research/stage3b-si-ma1-confirmatory-execution,torch2pc-layerwise-thesis:0.1.0,55e05efabc223b3473fdea02a5b7ea424a79f759,5b8adfb404b5dd7f1a11d778c0d531e6e2b4c69b,b20d9142e4bdbf57b3ec8bf9f9c4472372ec8db4,27d43c71523b70cae4b9fde1a2b064916165cb09b8087a84e9bf6ecaab10ac8e,440c5bb6203314fd155169cc4a81328d95f4085d0a4bbc4a1375be8190ab5439,648b4cfce7c248a68dda1b2fa45d4a577ce4e9f941e9ea66c72b579be08b8fe6,38f1d509245e478251993b46baa0be83894b8e8d90ab6db0b0fbeae3bc737700,9351adc15bb6934c00d7052e795d2ec5f61d23cefcfa3c3e55ef1cc01d8bd0b5,0,1,confirmatory,rocm,si-ma1-confirmatory-seed-0-350ca0ef5a804c93a914cbd523a21b5f,CBA,3,A,C,50,50,0.0,0.0,0.0,0.0,0.0,0.0,True,True,True,True,True
stage3b-si-ma1-v1,stage3b-si-ma1-implementation-v1,55e05efabc223b3473fdea02a5b7ea424a79f759,research/stage3b-si-ma1-confirmatory-execution,torch2pc-layerwise-thesis:0.1.0,55e05efabc223b3473fdea02a5b7ea424a79f759,5b8adfb404b5dd7f1a11d778c0d531e6e2b4c69b,b20d9142e4bdbf57b3ec8bf9f9c4472372ec8db4,27d43c71523b70cae4b9fde1a2b064916165cb09b8087a84e9bf6ecaab10ac8e,440c5bb6203314fd155169cc4a81328d95f4085d0a4bbc4a1375be8190ab5439,648b4cfce7c248a68dda1b2fa45d4a577ce4e9f941e9ea66c72b579be08b8fe6,38f1d509245e478251993b46baa0be83894b8e8d90ab6db0b0fbeae3bc737700,9351adc15bb6934c00d7052e795d2ec5f61d23cefcfa3c3e55ef1cc01d8bd0b5,0,1,confirmatory,rocm,si-ma1-confirmatory-seed-0-350ca0ef5a804c93a914cbd523a21b5f,BAC,4,A,B,50,50,0.0,0.0,0.0,0.0,0.0,0.0,True,True,True,True,True
stage3b-si-ma1-v1,stage3b-si-ma1-implementation-v1,55e05efabc223b3473fdea02a5b7ea424a79f759,research/stage3b-si-ma1-confirmatory-execution,torch2pc-layerwise-thesis:0.1.0,55e05efabc223b3473fdea02a5b7ea424a79f759,5b8adfb404b5dd7f1a11d778c0d531e6e2b4c69b,b20d9142e4bdbf57b3ec8bf9f9c4472372ec8db4,27d43c71523b70cae4b9fde1a2b064916165cb09b8087a84e9bf6ecaab10ac8e,440c5bb6203314fd155169cc4a81328d95f4085d0a4bbc4a1375be8190ab5439,648b4cfce7c248a68dda1b2fa45d4a577ce4e9f941e9ea66c72b579be08b8fe6,38f1d509245e478251993b46baa0be83894b8e8d90ab6db0b0fbeae3bc737700,9351adc15bb6934c00d7052e795d2ec5f61d23cefcfa3c3e55ef1cc01d8bd0b5,0,1,confirmatory,rocm,si-ma1-confirmatory-seed-0-350ca0ef5a804c93a914cbd523a21b5f,BAC,4,A,C,50,50,0.0,0.0,0.0,0.0,0.0,0.0,True,True,True,True,True
stage3b-si-ma1-v1,stage3b-si-ma1-implementation-v1,55e05efabc223b3473fdea02a5b7ea424a79f759,research/stage3b-si-ma1-confirmatory-execution,torch2pc-layerwise-thesis:0.1.0,55e05efabc223b3473fdea02a5b7ea424a79f759,5b8adfb404b5dd7f1a11d778c0d531e6e2b4c69b,b20d9142e4bdbf57b3ec8bf9f9c4472372ec8db4,27d43c71523b70cae4b9fde1a2b064916165cb09b8087a84e9bf6ecaab10ac8e,440c5bb6203314fd155169cc4a81328d95f4085d0a4bbc4a1375be8190ab5439,648b4cfce7c248a68dda1b2fa45d4a577ce4e9f941e9ea66c72b579be08b8fe6,38f1d509245e478251993b46baa0be83894b8e8d90ab6db0b0fbeae3bc737700,9351adc15bb6934c00d7052e795d2ec5f61d23cefcfa3c3e55ef1cc01d8bd0b5,0,1,confirmatory,rocm,si-ma1-confirmatory-seed-0-350ca0ef5a804c93a914cbd523a21b5f,ABC,5,A,B,50,50,0.0,0.0,0.0,0.0,0.0,0.0,True,True,True,True,True
stage3b-si-ma1-v1,stage3b-si-ma1-implementation-v1,55e05efabc223b3473fdea02a5b7ea424a79f759,research/stage3b-si-ma1-confirmatory-execution,torch2pc-layerwise-thesis:0.1.0,55e05efabc223b3473fdea02a5b7ea424a79f759,5b8adfb404b5dd7f1a11d778c0d531e6e2b4c69b,b20d9142e4bdbf57b3ec8bf9f9c4472372ec8db4,27d43c71523b70cae4b9fde1a2b064916165cb09b8087a84e9bf6ecaab10ac8e,440c5bb6203314fd155169cc4a81328d95f4085d0a4bbc4a1375be8190ab5439,648b4cfce7c248a68dda1b2fa45d4a577ce4e9f941e9ea66c72b579be08b8fe6,38f1d509245e478251993b46baa0be83894b8e8d90ab6db0b0fbeae3bc737700,9351adc15bb6934c00d7052e795d2ec5f61d23cefcfa3c3e55ef1cc01d8bd0b5,0,1,confirmatory,rocm,si-ma1-confirmatory-seed-0-350ca0ef5a804c93a914cbd523a21b5f,ABC,5,A,C,50,50,0.0,0.0,0.0,0.0,0.0,0.0,True,True,True,True,True
stage3b-si-ma1-v1,stage3b-si-ma1-implementation-v1,55e05efabc223b3473fdea02a5b7ea424a79f759,research/stage3b-si-ma1-confirmatory-execution,torch2pc-layerwise-thesis:0.1.0,55e05efabc223b3473fdea02a5b7ea424a79f759,5b8adfb404b5dd7f1a11d778c0d531e6e2b4c69b,b20d9142e4bdbf57b3ec8bf9f9c4472372ec8db4,27d43c71523b70cae4b9fde1a2b064916165cb09b8087a84e9bf6ecaab10ac8e,440c5bb6203314fd155169cc4a81328d95f4085d0a4bbc4a1375be8190ab5439,fe5a6d93d3c43838a73a8c610fef6d643af381ec874979ab6497e3fbf1ef6d33,b64d1b6d069a903dbe5a0ee3cbff4e18fbe4abbe6209ac2dea75778d6bd0bed5,cdae3113426c36e86c5d8a301bfacc72e0bd1c464c30ec2ca791614e947c2964,0,2,confirmatory,rocm,si-ma1-confirmatory-seed-0-350ca0ef5a804c93a914cbd523a21b5f,CAB,0,A,B,50,50,0.0,0.0,0.0,0.0,0.0,0.0,True,True,True,True,True
stage3b-si-ma1-v1,stage3b-si-ma1-implementation-v1,55e05efabc223b3473fdea02a5b7ea424a79f759,research/stage3b-si-ma1-confirmatory-execution,torch2pc-layerwise-thesis:0.1.0,55e05efabc223b3473fdea02a5b7ea424a79f759,5b8adfb404b5dd7f1a11d778c0d531e6e2b4c69b,b20d9142e4bdbf57b3ec8bf9f9c4472372ec8db4,27d43c71523b70cae4b9fde1a2b064916165cb09b8087a84e9bf6ecaab10ac8e,440c5bb6203314fd155169cc4a81328d95f4085d0a4bbc4a1375be8190ab5439,fe5a6d93d3c43838a73a8c610fef6d643af381ec874979ab6497e3fbf1ef6d33,b64d1b6d069a903dbe5a0ee3cbff4e18fbe4abbe6209ac2dea75778d6bd0bed5,cdae3113426c36e86c5d8a301bfacc72e0bd1c464c30ec2ca791614e947c2964,0,2,confirmatory,rocm,si-ma1-confirmatory-seed-0-350ca0ef5a804c93a914cbd523a21b5f,CAB,0,A,C,50,50,0.0,0.0,0.0,0.0,0.0,0.0,True,True,True,True,True
stage3b-si-ma1-v1,stage3b-si-ma1-implementation-v1,55e05efabc223b3473fdea02a5b7ea424a79f759,research/stage3b-si-ma1-confirmatory-execution,torch2pc-layerwise-thesis:0.1.0,55e05efabc223b3473fdea02a5b7ea424a79f759,5b8adfb404b5dd7f1a11d778c0d531e6e2b4c69b,b20d9142e4bdbf57b3ec8bf9f9c4472372ec8db4,27d43c71523b70cae4b9fde1a2b064916165cb09b8087a84e9bf6ecaab10ac8e,440c5bb6203314fd155169cc4a81328d95f4085d0a4bbc4a1375be8190ab5439,fe5a6d93d3c43838a73a8c610fef6d643af381ec874979ab6497e3fbf1ef6d33,b64d1b6d069a903dbe5a0ee3cbff4e18fbe4abbe6209ac2dea75778d6bd0bed5,cdae3113426c36e86c5d8a301bfacc72e0bd1c464c30ec2ca791614e947c2964,0,2,confirmatory,rocm,si-ma1-confirmatory-seed-0-350ca0ef5a804c93a914cbd523a21b5f,ACB,1,A,B,50,50,0.0,0.0,0.0,0.0,0.0,0.0,True,True,True,True,True
stage3b-si-ma1-v1,stage3b-si-ma1-implementation-v1,55e05efabc223b3473fdea02a5b7ea424a79f759,research/stage3b-si-ma1-confirmatory-execution,torch2pc-layerwise-thesis:0.1.0,55e05efabc223b3473fdea02a5b7ea424a79f759,5b8adfb404b5dd7f1a11d778c0d531e6e2b4c69b,b20d9142e4bdbf57b3ec8bf9f9c4472372ec8db4,27d43c71523b70cae4b9fde1a2b064916165cb09b8087a84e9bf6ecaab10ac8e,440c5bb6203314fd155169cc4a81328d95f4085d0a4bbc4a1375be8190ab5439,fe5a6d93d3c43838a73a8c610fef6d643af381ec874979ab6497e3fbf1ef6d33,b64d1b6d069a903dbe5a0ee3cbff4e18fbe4abbe6209ac2dea75778d6bd0bed5,cdae3113426c36e86c5d8a301bfacc72e0bd1c464c30ec2ca791614e947c2964,0,2,confirmatory,rocm,si-ma1-confirmatory-seed-0-350ca0ef5a804c93a914cbd523a21b5f,ACB,1,A,C,50,50,0.0,0.0,0.0,0.0,0.0,0.0,True,True,True,True,True
stage3b-si-ma1-v1,stage3b-si-ma1-implementation-v1,55e05efabc223b3473fdea02a5b7ea424a79f759,research/stage3b-si-ma1-confirmatory-execution,torch2pc-layerwise-thesis:0.1.0,55e05efabc223b3473fdea02a5b7ea424a79f759,5b8adfb404b5dd7f1a11d778c0d531e6e2b4c69b,b20d9142e4bdbf57b3ec8bf9f9c4472372ec8db4,27d43c71523b70cae4b9fde1a2b064916165cb09b8087a84e9bf6ecaab10ac8e,440c5bb6203314fd155169cc4a81328d95f4085d0a4bbc4a1375be8190ab5439,fe5a6d93d3c43838a73a8c610fef6d643af381ec874979ab6497e3fbf1ef6d33,b64d1b6d069a903dbe5a0ee3cbff4e18fbe4abbe6209ac2dea75778d6bd0bed5,cdae3113426c36e86c5d8a301bfacc72e0bd1c464c30ec2ca791614e947c2964,0,2,confirmatory,rocm,si-ma1-confirmatory-seed-0-350ca0ef5a804c93a914cbd523a21b5f,CBA,2,A,B,50,50,0.0,0.0,0.0,0.0,0.0,0.0,True,True,True,True,True
stage3b-si-ma1-v1,stage3b-si-ma1-implementation-v1,55e05efabc223b3473fdea02a5b7ea424a79f759,research/stage3b-si-ma1-confirmatory-execution,torch2pc-layerwise-thesis:0.1.0,55e05efabc223b3473fdea02a5b7ea424a79f759,5b8adfb404b5dd7f1a11d778c0d531e6e2b4c69b,b20d9142e4bdbf57b3ec8bf9f9c4472372ec8db4,27d43c71523b70cae4b9fde1a2b064916165cb09b8087a84e9bf6ecaab10ac8e,440c5bb6203314fd155169cc4a81328d95f4085d0a4bbc4a1375be8190ab5439,fe5a6d93d3c43838a73a8c610fef6d643af381ec874979ab6497e3fbf1ef6d33,b64d1b6d069a903dbe5a0ee3cbff4e18fbe4abbe6209ac2dea75778d6bd0bed5,cdae3113426c36e86c5d8a301bfacc72e0bd1c464c30ec2ca791614e947c2964,0,2,confirmatory,rocm,si-ma1-confirmatory-seed-0-350ca0ef5a804c93a914cbd523a21b5f,CBA,2,A,C,50,50,0.0,0.0,0.0,0.0,0.0,0.0,True,True,True,True,True
stage3b-si-ma1-v1,stage3b-si-ma1-implementation-v1,55e05efabc223b3473fdea02a5b7ea424a79f759,research/stage3b-si-ma1-confirmatory-execution,torch2pc-layerwise-thesis:0.1.0,55e05efabc223b3473fdea02a5b7ea424a79f759,5b8adfb404b5dd7f1a11d778c0d531e6e2b4c69b,b20d9142e4bdbf57b3ec8bf9f9c4472372ec8db4,27d43c71523b70cae4b9fde1a2b064916165cb09b8087a84e9bf6ecaab10ac8e,440c5bb6203314fd155169cc4a81328d95f4085d0a4bbc4a1375be8190ab5439,fe5a6d93d3c43838a73a8c610fef6d643af381ec874979ab6497e3fbf1ef6d33,b64d1b6d069a903dbe5a0ee3cbff4e18fbe4abbe6209ac2dea75778d6bd0bed5,cdae3113426c36e86c5d8a301bfacc72e0bd1c464c30ec2ca791614e947c2964,0,2,confirmatory,rocm,si-ma1-confirmatory-seed-0-350ca0ef5a804c93a914cbd523a21b5f,BAC,3,A,B,50,50,0.0,0.0,0.0,0.0,0.0,0.0,True,True,True,True,True
stage3b-si-ma1-v1,stage3b-si-ma1-implementation-v1,55e05efabc223b3473fdea02a5b7ea424a79f759,research/stage3b-si-ma1-confirmatory-execution,torch2pc-layerwise-thesis:0.1.0,55e05efabc223b3473fdea02a5b7ea424a79f759,5b8adfb404b5dd7f1a11d778c0d531e6e2b4c69b,b20d9142e4bdbf57b3ec8bf9f9c4472372ec8db4,27d43c71523b70cae4b9fde1a2b064916165cb09b8087a84e9bf6ecaab10ac8e,440c5bb6203314fd155169cc4a81328d95f4085d0a4bbc4a1375be8190ab5439,fe5a6d93d3c43838a73a8c610fef6d643af381ec874979ab6497e3fbf1ef6d33,b64d1b6d069a903dbe5a0ee3cbff4e18fbe4abbe6209ac2dea75778d6bd0bed5,cdae3113426c36e86c5d8a301bfacc72e0bd1c464c30ec2ca791614e947c2964,0,2,confirmatory,rocm,si-ma1-confirmatory-seed-0-350ca0ef5a804c93a914cbd523a21b5f,BAC,3,A,C,50,50,0.0,0.0,0.0,0.0,0.0,0.0,True,True,True,True,True
stage3b-si-ma1-v1,stage3b-si-ma1-implementation-v1,55e05efabc223b3473fdea02a5b7ea424a79f759,research/stage3b-si-ma1-confirmatory-execution,torch2pc-layerwise-thesis:0.1.0,55e05efabc223b3473fdea02a5b7ea424a79f759,5b8adfb404b5dd7f1a11d778c0d531e6e2b4c69b,b20d9142e4bdbf57b3ec8bf9f9c4472372ec8db4,27d43c71523b70cae4b9fde1a2b064916165cb09b8087a84e9bf6ecaab10ac8e,440c5bb6203314fd155169cc4a81328d95f4085d0a4bbc4a1375be8190ab5439,fe5a6d93d3c43838a73a8c610fef6d643af381ec874979ab6497e3fbf1ef6d33,b64d1b6d069a903dbe5a0ee3cbff4e18fbe4abbe6209ac2dea75778d6bd0bed5,cdae3113426c36e86c5d8a301bfacc72e0bd1c464c30ec2ca791614e947c2964,0,2,confirmatory,rocm,si-ma1-confirmatory-seed-0-350ca0ef5a804c93a914cbd523a21b5f,ABC,4,A,B,50,50,0.0,0.0,0.0,0.0,0.0,0.0,True,True,True,True,True
stage3b-si-ma1-v1,stage3b-si-ma1-implementation-v1,55e05efabc223b3473fdea02a5b7ea424a79f759,research/stage3b-si-ma1-confirmatory-execution,torch2pc-layerwise-thesis:0.1.0,55e05efabc223b3473fdea02a5b7ea424a79f759,5b8adfb404b5dd7f1a11d778c0d531e6e2b4c69b,b20d9142e4bdbf57b3ec8bf9f9c4472372ec8db4,27d43c71523b70cae4b9fde1a2b064916165cb09b8087a84e9bf6ecaab10ac8e,440c5bb6203314fd155169cc4a81328d95f4085d0a4bbc4a1375be8190ab5439,fe5a6d93d3c43838a73a8c610fef6d643af381ec874979ab6497e3fbf1ef6d33,b64d1b6d069a903dbe5a0ee3cbff4e18fbe4abbe6209ac2dea75778d6bd0bed5,cdae3113426c36e86c5d8a301bfacc72e0bd1c464c30ec2ca791614e947c2964,0,2,confirmatory,rocm,si-ma1-confirmatory-seed-0-350ca0ef5a804c93a914cbd523a21b5f,ABC,4,A,C,50,50,0.0,0.0,0.0,0.0,0.0,0.0,True,True,True,True,True
stage3b-si-ma1-v1,stage3b-si-ma1-implementation-v1,55e05efabc223b3473fdea02a5b7ea424a79f759,research/stage3b-si-ma1-confirmatory-execution,torch2pc-layerwise-thesis:0.1.0,55e05efabc223b3473fdea02a5b7ea424a79f759,5b8adfb404b5dd7f1a11d778c0d531e6e2b4c69b,b20d9142e4bdbf57b3ec8bf9f9c4472372ec8db4,27d43c71523b70cae4b9fde1a2b064916165cb09b8087a84e9bf6ecaab10ac8e,440c5bb6203314fd155169cc4a81328d95f4085d0a4bbc4a1375be8190ab5439,fe5a6d93d3c43838a73a8c610fef6d643af381ec874979ab6497e3fbf1ef6d33,b64d1b6d069a903dbe5a0ee3cbff4e18fbe4abbe6209ac2dea75778d6bd0bed5,cdae3113426c36e86c5d8a301bfacc72e0bd1c464c30ec2ca791614e947c2964,0,2,confirmatory,rocm,si-ma1-confirmatory-seed-0-350ca0ef5a804c93a914cbd523a21b5f,BCA,5,A,B,50,50,0.0,0.0,0.0,0.0,0.0,0.0,True,True,True,True,True
stage3b-si-ma1-v1,stage3b-si-ma1-implementation-v1,55e05efabc223b3473fdea02a5b7ea424a79f759,research/stage3b-si-ma1-confirmatory-execution,torch2pc-layerwise-thesis:0.1.0,55e05efabc223b3473fdea02a5b7ea424a79f759,5b8adfb404b5dd7f1a11d778c0d531e6e2b4c69b,b20d9142e4bdbf57b3ec8bf9f9c4472372ec8db4,27d43c71523b70cae4b9fde1a2b064916165cb09b8087a84e9bf6ecaab10ac8e,440c5bb6203314fd155169cc4a81328d95f4085d0a4bbc4a1375be8190ab5439,fe5a6d93d3c43838a73a8c610fef6d643af381ec874979ab6497e3fbf1ef6d33,b64d1b6d069a903dbe5a0ee3cbff4e18fbe4abbe6209ac2dea75778d6bd0bed5,cdae3113426c36e86c5d8a301bfacc72e0bd1c464c30ec2ca791614e947c2964,0,2,confirmatory,rocm,si-ma1-confirmatory-seed-0-350ca0ef5a804c93a914cbd523a21b5f,BCA,5,A,C,50,50,0.0,0.0,0.0,0.0,0.0,0.0,True,True,True,True,True
